證券代號,證券名稱,成交股數,成交金額,開盤價,最高價,最低價,收盤價,漲跌價差,成交筆數
0050,元大台灣50,5326801.0,633413325.0,119.45,119.55,118.5,118.6,-0.3,11296.0
0051,元大中型100,63731.0,3656245.0,57.7,57.7,57.05,57.05,-0.65,265.0
0052,富邦科技,474082.0,48512690.0,102.7,102.85,101.5,101.6,0.0,1088.0
0053,元大電子,10531.0,627194.0,60.0,60.0,59.0,59.0,-0.8,990.0
0055,元大MSCI金融,52142.0,1161173.0,22.24,22.38,22.21,22.21,0.0,229.0
0056,元大高股息,23096921.0,652916985.0,28.43,28.5,28.16,28.19,-0.24,19648.0
0057,富邦摩台,3178.0,274355.0,86.85,86.85,86.2,86.2,-0.35,1003.0
0061,元大寶滬深,76708.0,1491078.0,19.48,19.58,19.31,19.34,-0.16,424.0
006203,元大MSCI台灣,19224.0,1108295.0,57.6,57.7,57.45,57.45,-0.25,776.0
006204,永豐臺灣加權,24123.0,1893680.0,78.95,78.95,78.45,78.45,-0.65,1000.0
006205,富邦上証,961210.0,31237365.0,32.64,32.69,32.3,32.35,-0.29,171.0
006206,元大上證50,400872.0,12301225.0,30.84,30.84,30.5,30.6,-0.24,865.0
006207,復華滬深,64673.0,1656209.0,25.65,25.65,25.38,25.38,-0.22,20.0
006208,富邦台50,3379062.0,232949265.0,69.05,69.3,68.65,68.7,-0.2,5630.0
00625K,富邦上証+R,,,,,,,0.0,
00631L,元大台灣50正2,3351693.0,384286518.0,115.85,116.0,113.55,113.7,-1.3,3355.0
00632R,元大台灣50反1,149420119.0,788242418.0,5.24,5.3,5.24,5.29,0.04,6597.0
00633L,富邦上証正2,3470118.0,135122480.0,39.19,39.3,38.61,38.68,-0.39,1143.0
00634R,富邦上証反1,160000.0,707290.0,4.42,4.44,4.4,4.44,0.02,24.0
00635U,期元大S&P黃金,411538.0,10419772.0,25.33,25.37,25.29,25.29,0.07,140.0
00636,國泰中國A50,1213959.0,26322568.0,21.77,21.77,21.57,21.61,-0.09,522.0
00636K,國泰中國A50+U,200.0,1414.0,7.07,7.07,7.07,7.07,-0.03,2.0
00637L,元大滬深300正2,58526279.0,899952100.0,15.4,15.5,15.23,15.27,-0.14,5240.0
00638R,元大滬深300反1,232000.0,2171810.0,9.33,9.38,9.32,9.38,0.04,32.0
00639,富邦深100,1088584.0,14086731.0,13.05,13.08,12.88,12.91,-0.12,1175.0
00640L,富邦日本正2,148059.0,4667447.0,31.73,31.74,31.32,31.45,-0.21,53.0
00641R,富邦日本反1,678020.0,6158561.0,9.05,9.11,9.05,9.1,0.03,133.0
00642U,期元大S&P石油,2506373.0,40880196.0,16.28,16.36,16.28,16.32,-0.21,912.0
00643,群益深証中小,519322.0,7824227.0,15.26,15.29,15.0,15.04,-0.21,1192.0
00643K,群益深証中小+R,,,,,,,0.0,
00645,富邦日本,54984.0,1507755.0,27.49,27.53,27.33,27.37,-0.11,982.0
00646,元大S&P500,524648.0,20483529.0,39.17,39.17,39.02,39.03,-0.22,590.0
00647L,元大S&P500正2,166667.0,9297757.0,55.95,55.95,55.75,55.75,-0.35,61.0
00648R,元大S&P500反1,2777000.0,19630740.0,7.06,7.08,7.06,7.08,0.02,147.0
00650L,復華香港正2,10050861.0,137682138.0,13.81,13.86,13.53,13.55,-0.26,1270.0
00651R,復華香港反1,1271075.0,10464548.0,8.21,8.29,8.19,8.29,0.08,61.0
00652,富邦印度,139751.0,4041138.0,28.92,28.98,28.85,28.88,-0.04,1115.0
00653L,富邦印度正2,92121.0,3804661.0,41.4,41.44,41.11,41.12,-0.08,61.0
00654R,富邦印度反1,266010.0,2170951.0,8.15,8.18,8.14,8.18,0.01,17.0
00655L,國泰中國A50正2,1528200.0,41957609.0,27.68,27.7,27.22,27.31,-0.24,533.0
00656R,國泰中國A50反1,51000.0,426280.0,8.32,8.37,8.32,8.37,0.05,9.0
00657,國泰日經225,106035.0,3624300.0,34.22,34.22,34.17,34.17,-0.15,6.0
00657K,國泰日經225+U,200.0,2234.0,11.17,11.17,11.17,11.17,-0.02,2.0
00660,元大歐洲50,65998.0,2087016.0,31.79,31.79,31.59,31.62,-0.18,745.0
00661,元大日經225,1000.0,36480.0,36.48,36.48,36.48,36.48,-0.12,1.0
00662,富邦NASDAQ,238738.0,12195311.0,51.25,51.25,51.05,51.05,-0.3,254.0
00663L,國泰臺灣加權正2,43000.0,4551250.0,106.15,106.2,104.95,104.95,-1.5,7.0
00664R,國泰臺灣加權反1,6695156.0,39839733.0,5.92,5.98,5.91,5.97,0.03,500.0
00665L,富邦恒生國企正2,24843478.0,208151061.0,8.46,8.5,8.25,8.27,-0.2,2835.0
00666R,富邦恒生國企反1,270020.0,3904618.0,14.41,14.51,14.36,14.51,0.21,23.0
00668,國泰美國道瓊,6424.0,240459.0,37.5,37.54,37.5,37.5,-0.13,981.0
00668K,國泰美國道瓊+U,200.0,2452.0,12.26,12.26,12.26,12.26,-0.04,2.0
00669R,國泰美國道瓊反1,5713725.0,45310443.0,7.93,7.94,7.92,7.94,0.02,313.0
00670L,富邦NASDAQ正2,1134195.0,74379214.0,65.7,65.75,65.45,65.5,-0.3,560.0
00671R,富邦NASDAQ反1,10360155.0,57999396.0,5.59,5.61,5.59,5.61,0.02,423.0
00673R,期元大S&P原油反1,57311790.0,497562144.0,8.69,8.71,8.66,8.67,0.07,4151.0
00674R,期元大S&P黃金反1,1064030.0,12635497.0,11.87,11.9,11.84,11.9,-0.03,178.0
00675L,富邦臺灣加權正2,887514.0,40943140.0,46.76,46.83,45.85,45.9,-0.6,910.0
00676R,富邦臺灣加權反1,5476513.0,17940720.0,3.26,3.29,3.26,3.28,0.01,280.0
00678,群益NBI生技,316640.0,8231822.0,26.0,26.03,25.94,26.0,-0.04,840.0
00680L,元大美債20正2,20057300.0,237177111.0,11.78,11.86,11.78,11.86,0.21,2564.0
00681R,元大美債20反1,383000.0,6880780.0,17.97,17.98,17.94,17.95,-0.18,38.0
00682U,期元大美元指數,43000.0,872580.0,20.3,20.3,20.28,20.29,-0.02,20.0
00683L,期元大美元指正2,1618149.0,34016276.0,21.0,21.06,20.98,21.06,-0.04,245.0
00684R,期元大美元指反1,7000.0,113580.0,16.29,16.29,16.21,16.21,-0.01,4.0
00685L,群益臺灣加權正2,148631.0,6098032.0,41.47,41.51,40.69,40.72,-0.53,94.0
00686R,群益臺灣加權反1,1391000.0,4926520.0,3.54,3.57,3.53,3.57,0.03,45.0
00688L,國泰20年美債正2,2983336.0,35011875.0,11.68,11.78,11.68,11.78,0.22,384.0
00689R,國泰20年美債反1,6000.0,111730.0,18.62,18.63,18.62,18.63,0.0,2.0
00690,兆豐藍籌30,201275.0,5518155.0,27.6,27.6,27.22,27.22,-0.22,255.0
00692,富邦公司治理,1324852.0,39437846.0,29.88,29.92,29.66,29.69,-0.12,1803.0
00693U,期街口S&P黃豆,25038.0,668524.0,26.73,26.73,26.63,26.68,-0.08,13.0
00700,富邦恒生國企,147584.0,1906765.0,13.0,13.0,12.85,12.85,-0.24,199.0
00701,國泰股利精選30,495781.0,11434223.0,23.01,23.11,23.01,23.05,0.04,412.0
00702,國泰標普低波高息,122951.0,2559093.0,20.87,20.87,20.8,20.81,-0.21,806.0
00703,台新MSCI中國,90204.0,1455026.0,16.06,16.2,16.04,16.05,-0.25,963.0
00706L,期元大S&P日圓正2,1491737.0,14419171.0,9.62,9.69,9.62,9.69,0.13,235.0
00707R,期元大S&P日圓反1,6000.0,145210.0,24.2,24.21,24.2,24.21,-0.14,2.0
00708L,期元大S&P黃金正2,598025.0,17141196.0,28.68,28.75,28.58,28.58,0.19,173.0
00709,富邦歐洲,41074.0,1039963.0,25.35,25.35,25.29,25.29,-0.09,1010.0
00710B,復華彭博非投等債,302761.0,5358565.0,17.73,17.73,17.68,17.7,-0.04,88.0
00711B,復華彭博新興債,104455.0,1688891.0,16.17,16.18,16.17,16.18,0.03,949.0
00712,復華富時不動產,10548088.0,96373808.0,9.12,9.15,9.11,9.15,0.01,3258.0
00713,元大台灣高息低波,8528396.0,344962701.0,40.51,40.62,40.33,40.35,-0.16,6771.0
00714,群益道瓊美國地產,767227.0,13873892.0,18.21,18.21,18.04,18.05,0.0,291.0
00715L,期街口布蘭特正2,30270961.0,420707300.0,13.91,13.98,13.84,13.93,-0.39,4473.0
00717,富邦美國特別股,264989.0,3869292.0,14.65,14.65,14.58,14.6,0.0,926.0
00728,第一金工業30,696744.0,16036053.0,23.09,23.16,22.89,22.89,-0.17,501.0
00730,富邦臺灣優質高息,171499.0,3131072.0,18.31,18.36,18.2,18.22,-0.1,253.0
00731,復華富時高息低波,1010497.0,57430099.0,57.0,57.0,56.7,56.7,-0.15,143.0
00733,富邦臺灣中小,162147.0,5954328.0,37.12,37.3,36.41,36.5,0.0,299.0
00735,國泰臺韓科技,236918.0,6289200.0,26.63,26.75,26.44,26.75,0.31,926.0
00736,國泰新興市場,100923.0,1963509.0,19.46,19.46,19.46,19.46,-0.1,851.0
00737,國泰AI+Robo,150545.0,4126972.0,27.41,27.43,27.4,27.41,-0.12,131.0
00738U,期元大道瓊白銀,966440.0,24017687.0,24.87,24.88,24.76,24.79,0.09,175.0
00739,元大MSCI A股,9703.0,228825.0,23.8,23.8,23.42,23.5,-0.3,750.0
00752,中信中國50,5592749.0,103769320.0,18.73,18.73,18.46,18.46,-0.27,1189.0
00753L,中信中國50正2,16909896.0,183353040.0,10.92,10.99,10.69,10.71,-0.27,3019.0
00757,統一FANG+,533086.0,23448709.0,44.12,44.12,43.93,43.95,-0.17,443.0
00762,元大全球AI,315211.0,11453299.0,36.35,36.37,36.27,36.32,-0.48,332.0
00763U,期街口道瓊銅,32000.0,817210.0,25.54,25.57,25.47,25.47,-0.25,16.0
00770,國泰北美科技,407934.0,11846193.0,29.05,29.06,29.02,29.02,-0.04,234.0
00771,元大US高息特別股,40575.0,649936.0,16.04,16.04,16.01,16.02,0.01,456.0
00775B,新光投等債15+,51919.0,1768499.0,34.09,34.09,34.08,34.08,0.13,826.0
00783,富邦中証500,351000.0,7531610.0,21.76,21.78,21.39,21.39,-0.33,19.0
00830,國泰費城半導體,1835104.0,49862449.0,27.16,27.2,27.15,27.16,-0.03,785.0
00850,元大臺灣ESG永續,380586.0,11778550.0,30.98,31.1,30.85,30.87,-0.11,575.0
00851,台新全球AI,5844.0,154776.0,26.51,26.6,26.51,26.6,-0.15,542.0
00852L,國泰美國道瓊正2,335442.0,6468437.0,19.32,19.32,19.27,19.27,-0.13,73.0
00861,元大全球未來通訊,92837.0,2604429.0,28.29,28.29,28.01,28.01,-0.25,116.0
00865B,國泰US短期公債,154998.0,6294022.0,40.57,40.63,40.57,40.63,0.01,1007.0
00875,國泰網路資安,231535.0,5932111.0,25.7,25.7,25.6,25.61,-0.08,96.0
00876,元大全球5G,125594.0,3423992.0,27.2,27.37,27.16,27.17,-0.03,120.0
00878,國泰永續高股息,45462443.0,795658952.0,17.52,17.6,17.46,17.47,-0.05,25777.0
00881,國泰台灣5G+,10445614.0,156118969.0,14.99,15.03,14.86,14.88,-0.1,4606.0
00882,中信中國高股息,10681094.0,131297794.0,12.25,12.36,12.23,12.25,-0.02,2188.0
00885,富邦越南,6870554.0,77606938.0,11.35,11.35,11.28,11.28,-0.02,2295.0
00891,中信關鍵半導體,8176041.0,104270412.0,12.9,12.93,12.65,12.66,-0.19,4559.0
00892,富邦台灣半導體,11799878.0,139256793.0,11.94,11.96,11.69,11.7,-0.23,2066.0
00893,國泰智能電動車,8842623.0,120880888.0,13.69,13.7,13.64,13.64,-0.2,3520.0
00894,中信小資高價30,1470794.0,19657621.0,13.5,13.53,13.25,13.29,-0.21,526.0
00895,富邦未來車,2485081.0,35899615.0,14.5,14.51,14.42,14.42,-0.23,998.0
00896,中信綠能及電動車,1192379.0,17328374.0,14.54,14.63,14.45,14.48,-0.08,548.0
00897,富邦基因免疫生技,1719364.0,13203304.0,7.69,7.69,7.67,7.68,-0.1,276.0
00898,國泰基因免疫革命,1218970.0,9157451.0,7.52,7.54,7.49,7.49,-0.15,213.0
00899,FT潔淨能源,300935.0,6564722.0,21.9,21.9,21.78,21.79,-0.15,133.0
00900,富邦特選高股息30,14291125.0,163913400.0,11.58,11.6,11.4,11.4,-0.18,7222.0
00901,永豐智能車供應鏈,351957.0,4505897.0,12.87,12.9,12.73,12.74,-0.11,300.0
00902,中信電池及儲能,5602204.0,68840245.0,12.33,12.36,12.23,12.25,-0.15,2271.0
00903,富邦元宇宙,1377198.0,13604770.0,9.91,9.91,9.86,9.87,-0.09,2394.0
00904,新光臺灣半導體30,876512.0,10584785.0,12.21,12.22,11.99,12.0,-0.19,336.0
00905,FT臺灣Smart,2741595.0,24642243.0,9.03,9.05,8.96,8.97,-0.06,1150.0
00906,大華元宇宙科技50,4000.0,42760.0,10.69,10.69,10.69,10.69,-0.05,3.0
00907,永豐優息存股,1763808.0,25527737.0,14.45,14.51,14.45,14.48,0.0,989.0
00908,富邦入息REITs+,1090929.0,13094357.0,12.05,12.05,11.99,11.99,0.0,290.0
00909,國泰數位支付服務,808242.0,13508199.0,16.9,16.9,16.65,16.65,0.0,153.0
00910,第一金太空衛星,487353.0,7471929.0,15.35,15.36,15.29,15.29,-0.07,172.0
00911,兆豐洲際半導體,125000.0,2146010.0,17.16,17.17,17.15,17.17,0.07,12.0
00912,中信臺灣智慧50,3241679.0,46932489.0,14.59,14.61,14.37,14.38,0.0,1629.0
00913,兆豐台灣晶圓製造,108090.0,1743668.0,16.26,16.26,16.11,16.11,-0.14,14.0
00915,凱基優選高股息30,407194.0,6680088.0,16.47,16.49,16.34,16.38,-0.09,372.0
00916,國泰全球品牌50,425987.0,6851677.0,16.11,16.11,16.07,16.08,-0.03,249.0
00917,中信特選金融,831506.0,12602103.0,15.17,15.18,15.14,15.15,-0.08,157.0
00918,大華優利高填息30,631033.0,10771053.0,17.22,17.22,17.0,17.02,-0.2,377.0
00919,群益台灣精選高息,6426134.0,119859149.0,18.9,18.91,18.5,18.52,-0.38,4212.0
00920,富邦ESG綠色電力,434748.0,7420855.0,17.07,17.08,17.06,17.06,-0.03,93.0
00921,兆豐龍頭等權重,228473.0,3665620.0,16.2,16.2,15.94,15.98,-0.09,167.0
00922,國泰台灣領袖50,5606912.0,82306541.0,14.75,14.76,14.63,14.64,-0.06,2940.0
00923,群益台灣ESG低碳,7402042.0,109261188.0,14.84,14.86,14.7,14.71,-0.08,3959.0
00925,新光標普電動車,492335.0,7034086.0,14.34,14.34,14.21,14.3,-0.11,129.0
01001T,土銀富邦R1,64010.0,982492.0,15.4,15.5,15.21,15.5,0.1,16.0
01002T,土銀國泰R1,188000.0,3308330.0,17.6,17.61,17.5,17.56,-0.05,24.0
01003T,兆豐新光R1,2100.0,44470.0,21.18,21.18,21.18,21.18,0.08,3.0
01004T,土銀富邦R2,31425.0,464359.0,14.75,14.78,14.74,14.78,-0.01,27.0
01007T,兆豐國泰R2,15000.0,262830.0,17.5,17.59,17.5,17.59,0.28,4.0
01009T,王道圓滿R1,6000.0,50400.0,8.4,8.4,8.4,8.4,-0.01,3.0
01010T,京城樂富R1,7000.0,70280.0,10.04,10.04,10.04,10.04,0.0,5.0
020000,富邦特選蘋果N,,,,,,,0.0,
020002,元富新中國N,3000.0,39300.0,13.18,13.18,13.05,13.05,-0.19,3.0
020007,凱基臺灣500N,,,,,,,0.0,
020011,統一微波高息20N,,,,,,,0.0,
020012,富邦行動通訊N,,,,,,,0.0,
020015,統一MSCI美低波N,,,,,,,0.0,
020016,統一MSCI美科技N,,,,,,,0.0,
020018,統一價值成長30N,1000.0,16000.0,16.0,16.0,16.0,16.0,-0.25,1.0
020019,統一特選台灣5GN,2000.0,25340.0,12.67,12.67,12.67,12.67,0.0,1.0
02001L,富邦蘋果正二N,22000.0,219810.0,10.07,10.07,9.94,9.97,-0.14,5.0
02001R,富邦蘋果反一N,60000.0,168000.0,2.8,2.8,2.8,2.8,0.0,2.0
02001S,策元大加權策略N,7000.0,36200.0,5.18,5.18,5.16,5.16,-0.04,2.0
020020,元大台股領航N,43000.0,286480.0,6.7,6.7,6.63,6.63,-0.04,12.0
020022,元大電動車N,508000.0,2994260.0,5.94,5.96,5.86,5.86,-0.09,94.0
020028,元大特選電動車N,263000.0,1500480.0,5.73,5.75,5.65,5.66,-0.07,38.0
020029,元大ESG高股息N,51000.0,253170.0,4.97,4.99,4.94,4.94,-0.03,23.0
020030,統一智慧電動車N,151000.0,632310.0,4.24,4.24,4.17,4.17,-0.06,16.0
020031,統一IC設計臺灣N,449000.0,1906610.0,4.34,4.34,4.18,4.19,-0.15,26.0
020032,元大綠能N,13000.0,69530.0,5.38,5.38,5.32,5.33,-0.02,5.0
020034,元大IC設計N,528000.0,2766240.0,5.3,5.34,5.17,5.19,-0.16,61.0
020036,元大金融配息N,72000.0,357820.0,4.98,4.98,4.95,4.96,0.0,23.0
020037,元大金融高股息N,75000.0,372530.0,4.98,4.98,4.96,4.96,0.0,27.0
1101,台泥,69668614.0,2669252948.0,37.5,38.95,37.5,38.3,1.1,30474.0
1101B,台泥乙特,38000.0,1856750.0,48.9,48.9,48.85,48.9,0.0,10.0
1102,亞泥,4218250.0,184776893.0,43.5,44.1,43.45,43.8,0.3,2071.0
1103,嘉泥,2212668.0,44744307.0,19.6,20.8,19.6,19.95,0.25,1103.0
1104,環泥,3082946.0,83456881.0,27.1,27.65,26.55,26.8,-0.25,1578.0
1108,幸福,8475561.0,135817817.0,15.6,16.4,15.55,16.0,0.6,3052.0
1109,信大,636294.0,11210872.0,17.55,17.8,17.4,17.5,0.05,219.0
1110,東泥,200752.0,3633904.0,18.05,18.25,17.85,18.25,0.4,71.0
1201,味全,396474.0,7900442.0,20.0,20.05,19.85,19.95,-0.05,528.0
1203,味王,1382.0,52572.0,38.1,38.1,38.1,38.1,0.15,46.0
1210,大成,1718679.0,88871860.0,52.0,52.4,51.2,51.4,-0.6,6505.0
1213,大飲,34567.0,247075.0,7.4,7.4,7.02,7.05,-0.35,33.0
1215,卜蜂,2070016.0,191961002.0,92.6,94.1,91.2,93.0,0.7,3184.0
1216,統一,9082143.0,662951285.0,72.5,73.3,72.5,73.0,0.5,3272.0
1217,愛之味,2165430.0,23901259.0,11.1,11.2,10.9,10.95,-0.2,804.0
1218,泰山,1323250.0,38614133.0,29.25,29.5,29.0,29.4,0.15,1023.0
1219,福壽,1411805.0,29371616.0,21.1,21.15,20.6,20.7,-0.4,661.0
1220,台榮,554465.0,9166299.0,16.7,16.75,16.35,16.4,0.0,337.0
1225,福懋油,162381.0,9822231.0,60.1,60.5,60.1,60.5,-0.2,22.0
1227,佳格,1492291.0,59591226.0,40.2,40.35,39.95,40.05,-0.1,718.0
1229,聯華,1319659.0,79465523.0,60.5,61.1,59.7,59.8,-0.7,1565.0
1231,聯華食,370530.0,33305359.0,91.9,91.9,89.1,89.4,-1.6,1004.0
1232,大統益,74762.0,11218599.0,152.5,152.5,149.0,149.0,-0.5,205.0
1233,天仁,32050.0,1101177.0,34.8,35.0,33.75,34.15,-0.95,31.0
1234,黑松,294677.0,10598986.0,36.05,36.2,35.85,35.9,-0.15,200.0
1235,興泰,70.0,4894.0,,,,,0.0,3.0
1236,宏亞,132450.0,3116612.0,23.65,23.65,23.5,23.55,-0.05,52.0
1256,鮮活果汁-KY,57400.0,16918635.0,301.5,301.5,289.5,294.0,-7.5,748.0
1301,台塑,7081720.0,656177313.0,92.5,93.1,91.9,92.5,0.4,4326.0
1303,南亞,7352487.0,571937174.0,77.5,77.9,77.1,77.9,0.9,4114.0
1304,台聚,1588436.0,40428049.0,25.4,25.8,25.2,25.4,0.05,1079.0
1305,華夏,1645346.0,41511774.0,25.6,25.6,25.05,25.05,-0.5,1110.0
1307,三芳,156256.0,3251275.0,20.9,20.95,20.7,20.85,-0.1,141.0
1308,亞聚,3551696.0,97983770.0,28.25,28.25,27.2,27.3,-0.7,2035.0
1309,台達化,635564.0,13124879.0,20.75,20.95,20.5,20.5,-0.25,572.0
1310,台苯,7655318.0,117253233.0,14.85,15.55,14.7,15.5,0.65,2926.0
1312,國喬,2524785.0,51104061.0,20.4,20.4,20.1,20.25,0.0,948.0
1312A,國喬特,,,,,,,0.0,
1313,聯成,1263450.0,18462986.0,14.75,14.85,14.5,14.55,-0.25,576.0
1314,中石化,11834699.0,120505433.0,10.25,10.3,10.1,10.15,-0.05,2580.0
1315,達新,20214.0,1418880.0,70.5,70.7,70.1,70.1,0.0,57.0
1316,上曜,1333759.0,17890266.0,13.5,13.55,13.25,13.35,-0.2,541.0
1319,東陽,4717811.0,219689336.0,47.4,47.95,45.9,46.05,-1.1,2700.0
1321,大洋,381160.0,13010418.0,34.15,34.35,34.0,34.2,0.2,188.0
1323,永裕,192379.0,6309025.0,32.9,33.05,32.6,33.05,0.05,106.0
1324,地球,43555.0,495211.0,11.45,11.45,11.3,11.4,-0.05,148.0
1325,恆大,293206.0,6986917.0,24.0,24.05,23.55,23.55,-0.3,183.0
1326,台化,1842625.0,127230600.0,68.7,69.3,68.7,69.3,0.5,1175.0
1337,再生-KY,360009.0,2554653.0,7.15,7.19,7.05,7.06,-0.07,291.0
1338,廣華-KY,213988.0,9575620.0,45.25,45.25,44.4,44.4,-0.85,202.0
1339,昭輝,430120.0,18750889.0,43.75,43.9,43.4,43.4,-0.65,240.0
1340,勝悅-KY,214907.0,2361891.0,11.1,11.1,10.9,11.05,0.0,425.0
1341,富林-KY,7300.0,509156.0,69.9,69.9,69.7,69.7,0.0,43.0
1342,八貫,1819374.0,263071369.0,148.5,148.5,142.0,144.0,-4.5,1632.0
1402,遠東新,5059130.0,159298075.0,31.45,31.65,31.4,31.4,-0.05,1762.0
1409,新纖,10188007.0,183552963.0,18.05,18.3,17.75,17.8,-0.3,3573.0
1410,南染,83201.0,3193412.0,38.5,38.8,38.2,38.2,-0.4,62.0
1413,宏洲,30779.0,290141.0,9.48,9.54,9.39,9.54,0.03,20.0
1414,東和,169020.0,2979847.0,17.85,17.85,17.55,17.7,-0.1,90.0
1416,廣豐,375769.0,4283514.0,11.6,11.6,11.3,11.4,-0.1,217.0
1417,嘉裕,1741346.0,24745374.0,14.3,14.45,14.0,14.1,-0.15,686.0
1418,東華,76078.0,1227530.0,16.5,16.5,15.8,15.9,-0.05,115.0
1419,新紡,181455.0,7320044.0,40.35,40.45,40.25,40.3,0.0,42.0
1423,利華,138794.0,2919833.0,21.1,21.1,21.0,21.1,0.05,84.0
1432,大魯閣,558995.0,8651552.0,15.65,15.9,15.3,15.4,-0.25,534.0
1434,福懋,1536154.0,43053852.0,28.15,28.2,27.95,28.0,-0.15,913.0
1436,華友聯,26079.0,1490525.0,57.3,57.5,57.0,57.3,0.0,23.0
1437,勤益控,706740.0,19952148.0,28.5,28.65,27.9,28.3,-0.35,379.0
1438,三地開發,156216.0,4880751.0,31.4,31.65,31.1,31.2,-0.15,116.0
1439,雋揚,19015.0,415927.0,21.95,21.95,21.75,21.9,-0.05,18.0
1440,南紡,904762.0,15154629.0,16.8,16.9,16.7,16.75,-0.05,596.0
1441,大東,51870.0,418446.0,8.13,8.13,8.03,8.03,-0.06,131.0
1442,名軒,866556.0,27872271.0,32.35,32.6,31.9,32.05,-0.25,430.0
1443,立益物流,147015.0,4266844.0,29.8,29.8,28.35,29.0,-0.75,101.0
1444,力麗,3264649.0,35229830.0,10.9,10.95,10.7,10.8,-0.1,1302.0
1445,大宇,226187.0,4291373.0,19.05,19.05,18.9,19.0,0.0,81.0
1446,宏和,69000.0,2178550.0,31.65,31.7,31.4,31.6,0.0,41.0
1447,力鵬,1084933.0,8726458.0,8.1,8.15,7.97,8.0,-0.04,523.0
1449,佳和,209226.0,3164720.0,15.5,15.5,15.0,15.1,-0.3,276.0
1451,年興,224151.0,5136455.0,23.05,23.15,22.75,22.8,-0.2,170.0
1452,宏益,112219.0,1971244.0,17.6,17.6,17.55,17.55,-0.05,86.0
1453,大將,388447.0,5939294.0,15.6,15.65,15.1,15.2,-0.4,257.0
1454,台富,60435.0,805678.0,13.45,13.5,13.2,13.25,-0.15,30.0
1455,集盛,1263678.0,13296453.0,10.65,10.7,10.45,10.45,-0.2,567.0
1456,怡華,68026.0,1054846.0,15.5,15.7,15.45,15.45,-0.25,51.0
1457,宜進,190249.0,3529032.0,18.6,18.6,18.5,18.55,-0.05,101.0
1459,聯發,44017.0,398508.0,9.06,9.07,9.02,9.07,0.01,89.0
1460,宏遠,1415782.0,10895695.0,7.81,7.82,7.61,7.64,-0.16,657.0
1463,強盛,115240.0,1654579.0,14.45,14.45,14.3,14.3,-0.15,164.0
1464,得力,313582.0,4657285.0,14.95,15.0,14.75,14.8,-0.1,271.0
1465,偉全,24022.0,339758.0,14.15,14.2,14.1,14.1,-0.1,34.0
1466,聚隆,7056.0,81748.0,11.6,11.6,11.55,11.55,-0.1,9.0
1467,南緯,1192499.0,13661494.0,11.5,11.55,11.4,11.5,0.0,291.0
1468,昶和,39000.0,580100.0,15.0,15.0,14.55,14.85,-0.1,21.0
1470,大統新創,20288.0,404852.0,19.4,19.4,19.2,19.2,-0.05,67.0
1471,首利,5260009.0,50093966.0,9.91,10.15,9.21,9.21,-0.79,2290.0
1472,三洋實業,7101.0,193162.0,27.5,27.5,27.0,27.0,-0.95,8.0
1473,台南,116340.0,2632748.0,22.7,22.9,22.4,22.6,-0.1,75.0
1474,弘裕,110028.0,1374021.0,12.65,12.65,12.4,12.4,-0.15,85.0
1475,業旺,81330.0,4421974.0,55.5,55.5,53.6,53.6,-1.9,123.0
1476,儒鴻,278059.0,135354557.0,488.0,493.0,483.0,485.5,0.0,369.0
1477,聚陽,910540.0,199073846.0,218.0,220.5,217.0,218.0,0.0,764.0
1503,士電,5758733.0,537807816.0,95.0,96.2,91.5,92.4,-2.7,4332.0
1504,東元,22501416.0,980138933.0,44.0,44.25,42.85,43.8,-0.2,9844.0
1506,正道,621891.0,12950867.0,21.45,21.45,20.7,20.7,-0.35,286.0
1512,瑞利,79612.0,1099266.0,13.85,13.9,13.6,13.6,-0.2,105.0
1513,中興電,24142025.0,2494334687.0,104.5,106.5,101.5,102.5,-3.0,13198.0
1514,亞力,10899217.0,532217793.0,50.5,50.8,47.7,48.1,-1.9,6856.0
1515,力山,550136.0,15852540.0,29.1,29.25,28.65,28.65,-0.5,424.0
1516,川飛,917387.0,18426306.0,20.5,20.5,19.9,20.0,-0.4,393.0
1517,利奇,706602.0,13781404.0,19.6,19.75,19.35,19.35,-0.25,659.0
1519,華城,14955212.0,1435998248.0,97.7,99.0,93.4,95.4,-1.7,10061.0
1521,大億,24136.0,917703.0,38.2,38.25,37.85,37.85,-0.35,31.0
1522,堤維西,4773426.0,141824871.0,30.6,30.8,29.05,29.05,-1.65,2529.0
1522A,堤維西甲特,2000.0,91800.0,45.9,45.9,45.9,45.9,0.0,2.0
1524,耿鼎,5020051.0,120409940.0,24.75,24.75,23.7,23.75,-0.85,2492.0
1525,江申,118391.0,7968950.0,68.6,68.8,66.6,66.7,-1.9,111.0
1526,日馳,281600.0,11443573.0,40.7,40.85,40.4,40.4,-0.45,275.0
1527,鑽全,447805.0,18806991.0,42.65,42.65,41.8,41.85,-0.55,453.0
1528,恩德,2321204.0,26627858.0,11.35,11.75,11.25,11.35,0.0,728.0
1529,樂事綠能,3593212.0,139362292.0,39.35,40.0,37.9,38.6,-0.75,2490.0
1530,亞崴,36026.0,1196261.0,33.45,33.5,33.0,33.0,-0.4,122.0
1531,高林股,99798.0,1444184.0,14.55,14.55,14.4,14.45,-0.1,78.0
1532,勤美,1089873.0,37152569.0,34.6,34.75,33.65,34.15,-0.4,607.0
1533,車王電,862875.0,45555955.0,54.0,54.5,52.0,52.2,-2.0,627.0
1535,中宇,281320.0,14864118.0,53.6,53.9,52.0,52.5,-0.9,316.0
1536,和大,1488861.0,105851564.0,72.0,72.1,70.4,70.6,-1.4,1323.0
1537,廣隆,74880.0,10683289.0,142.5,143.0,142.5,142.5,0.0,77.0
1538,正峰,128492.0,1321967.0,10.5,10.5,10.1,10.2,-0.7,56.0
1539,巨庭,575371.0,16717654.0,29.7,29.7,28.6,28.8,-0.85,397.0
1540,喬福,278035.0,4575615.0,16.6,16.6,16.4,16.4,-0.2,167.0
1541,錩泰,5041.0,174489.0,34.85,34.85,34.55,34.55,-0.3,8.0
1558,伸興,110773.0,12475381.0,113.5,113.5,112.0,113.0,-0.5,142.0
1560,中砂,9645547.0,1138016078.0,116.5,121.5,113.5,113.5,1.0,7321.0
1568,倉佑,483434.0,11273787.0,23.85,23.85,23.05,23.15,-0.7,325.0
1582,信錦,223598.0,13294969.0,59.7,59.7,59.3,59.4,-0.3,244.0
1583,程泰,6000.0,397800.0,67.0,67.0,66.0,66.0,-0.6,6.0
1587,吉茂,57031.0,1305366.0,22.85,23.1,22.8,23.1,0.15,44.0
1589,永冠-KY,2881441.0,230775849.0,81.2,82.3,78.0,79.9,0.0,1994.0
1590,亞德客-KY,778660.0,865082560.0,1130.0,1140.0,1095.0,1115.0,-5.0,770.0
1597,直得,228871.0,17375028.0,77.2,78.5,74.8,76.3,-0.9,1066.0
1598,岱宇,257919.0,11006529.0,43.05,43.45,42.2,42.3,-0.85,225.0
1603,華電,644818.0,17292441.0,26.9,27.05,26.55,26.55,-0.2,360.0
1604,聲寶,657660.0,18081641.0,27.45,27.65,27.4,27.55,0.05,526.0
1605,華新,24600243.0,1230828104.0,50.0,50.4,49.7,49.9,0.05,13075.0
1608,華榮,1682306.0,27139480.0,16.35,16.4,15.95,16.0,-0.25,771.0
1609,大亞,14981943.0,409306830.0,27.9,28.05,26.9,27.1,-0.7,7149.0
1611,中電,68341419.0,1322395248.0,20.45,20.45,18.0,18.1,-1.05,26673.0
1612,宏泰,1343755.0,27611583.0,20.95,20.95,20.35,20.45,-0.35,731.0
1614,三洋電,10052.0,369918.0,37.0,37.0,36.7,37.0,0.0,11.0
1615,大山,161139.0,5696615.0,35.8,35.8,35.05,35.65,0.15,182.0
1616,億泰,3586610.0,33671874.0,9.9,9.94,9.01,9.3,-0.7,1254.0
1617,榮星,61807.0,959373.0,15.5,15.7,15.4,15.5,-0.05,147.0
1618,合機,3218105.0,58739262.0,18.75,18.95,17.95,18.0,-0.65,1596.0
1626,艾美特-KY,65810.0,1197929.0,18.35,18.45,18.05,18.2,-0.05,112.0
1701,中化,2797322.0,73076501.0,26.45,26.55,25.9,25.9,-0.45,1482.0
1702,南僑,394389.0,18723286.0,47.1,47.9,47.0,47.55,0.45,327.0
1707,葡萄王,349045.0,62763329.0,182.0,183.0,178.0,179.5,-2.5,2062.0
1708,東鹼,2903003.0,120494900.0,42.0,42.05,41.25,41.3,-0.7,2111.0
1709,和益,1365750.0,34618394.0,25.5,25.7,25.15,25.25,-0.25,724.0
1710,東聯,15219736.0,316816585.0,20.1,21.5,20.1,20.4,0.1,6459.0
1711,永光,17138024.0,344408358.0,19.25,20.75,19.25,19.85,0.5,7625.0
1712,興農,1192521.0,43296468.0,36.55,36.7,36.05,36.3,-0.2,1166.0
1713,國化,146303.0,4271645.0,29.4,29.45,29.1,29.2,-0.1,127.0
1714,和桐,1514554.0,13769990.0,9.13,9.16,9.04,9.06,-0.07,514.0
1717,長興,3648060.0,118961317.0,33.25,33.35,32.05,32.2,-1.1,1936.0
1718,中纖,3733771.0,30779594.0,8.28,8.37,8.19,8.19,-0.09,1364.0
1720,生達,5868607.0,387413728.0,68.3,69.6,64.1,64.1,-2.3,4385.0
1721,三晃,2083422.0,30253246.0,14.35,14.95,14.2,14.2,-0.2,1059.0
1722,台肥,2443883.0,141328400.0,57.1,58.4,57.1,57.4,0.3,1421.0
1723,中碳,220301.0,24875071.0,113.5,114.0,112.5,113.0,-0.5,199.0
1725,元禎,15019.0,324406.0,21.35,21.75,21.35,21.55,-0.2,12.0
1726,永記,14632.0,1087139.0,74.3,74.3,74.3,74.3,0.0,31.0
1727,中華化,3988734.0,112360339.0,26.8,29.2,26.8,27.5,0.65,2634.0
1730,花仙子,10207.0,587185.0,57.4,57.7,57.4,57.5,0.2,25.0
1731,美吾華,181553.0,3658102.0,20.2,20.3,20.05,20.1,-0.05,139.0
1732,毛寶,240098.0,6587235.0,27.75,27.9,27.2,27.3,-0.45,265.0
1733,五鼎,414690.0,11077049.0,27.1,27.1,26.6,26.65,-0.45,260.0
1734,杏輝,1753174.0,55096995.0,31.85,32.0,31.05,31.2,-0.65,1048.0
1735,日勝化,5229.0,80549.0,15.45,15.45,15.3,15.3,0.0,33.0
1736,喬山,453195.0,29936618.0,66.7,66.8,65.5,65.8,-0.8,347.0
1737,臺鹽,241826.0,8058269.0,33.45,33.65,33.2,33.2,-0.25,319.0
1752,南光,9004982.0,699378564.0,79.5,80.7,75.6,75.6,-2.0,5825.0
1760,寶齡富錦,14651140.0,2478328581.0,180.5,180.5,164.0,164.5,-12.0,9947.0
1762,中化生,4365945.0,384423113.0,91.9,92.1,86.2,87.4,-2.8,3142.0
1773,勝一,318870.0,41084146.0,127.5,131.0,126.5,128.5,1.0,602.0
1776,展宇,43034.0,732628.0,16.9,17.3,16.85,16.9,0.0,32.0
1783,和康生,3319837.0,198101797.0,60.7,62.4,57.6,58.1,-1.6,2605.0
1786,科妍,2749126.0,208187672.0,77.0,79.5,71.3,72.0,-3.5,2985.0
1789,神隆,1258006.0,33623050.0,26.95,27.1,26.5,26.65,-0.3,637.0
1795,美時,10911425.0,2789342722.0,267.0,268.0,249.5,250.0,-15.0,20469.0
1802,台玻,8311722.0,171225205.0,20.3,21.05,20.3,20.5,0.2,3782.0
1805,寶徠,15000.0,150100.0,10.0,10.05,10.0,10.05,0.0,7.0
1806,冠軍,633445.0,5873849.0,9.32,9.39,9.15,9.28,0.03,349.0
1808,潤隆,396030.0,29388754.0,75.4,75.4,73.1,73.8,-1.4,453.0
1809,中釉,2809542.0,40992282.0,14.65,14.85,14.4,14.45,-0.4,1161.0
1810,和成,12096642.0,307783916.0,26.5,26.5,24.6,25.45,-1.65,5509.0
1817,凱撒衛,102576.0,3934438.0,38.9,38.9,38.0,38.45,-0.2,108.0
1903,士紙,4654051.0,209900159.0,44.1,46.5,43.3,43.8,0.0,2871.0
1904,正隆,27214690.0,846869493.0,29.85,32.25,29.85,30.4,0.95,14202.0
1905,華紙,6793089.0,142654869.0,21.0,21.0,21.0,21.0,1.9,2600.0
1906,寶隆,6235475.0,105959907.0,16.55,17.55,16.45,16.65,0.4,2964.0
1907,永豐餘,47376978.0,1515163286.0,31.75,33.0,30.2,30.25,0.25,21144.0
1909,榮成,43768657.0,799770914.0,17.85,18.95,17.4,17.4,-0.2,16425.0
2002,中鋼,16315318.0,493630154.0,30.45,30.5,30.15,30.15,-0.3,8350.0
2002A,中鋼特,9452.0,431617.0,45.75,45.8,45.55,45.6,-0.15,15.0
2006,東和鋼鐵,1742384.0,101105969.0,59.5,59.5,57.5,57.6,-1.9,1349.0
2007,燁興,1314780.0,14143028.0,10.95,11.0,10.5,10.6,-0.35,503.0
2008,高興昌,33578.0,650482.0,19.75,19.75,19.3,19.3,-0.3,11.0
2009,第一銅,3617759.0,122277316.0,34.7,34.9,33.15,33.3,-1.4,2377.0
2010,春源,1739613.0,28766665.0,16.4,16.7,16.3,16.65,0.35,937.0
2012,春雨,230132.0,6005494.0,26.4,26.7,25.95,26.0,-0.55,284.0
2013,中鋼構,112192.0,6461512.0,58.1,58.1,57.3,57.4,-0.3,146.0
2014,中鴻,16128508.0,408255064.0,26.05,26.05,25.05,25.55,-0.2,6494.0
2015,豐興,199049.0,13634148.0,69.0,69.0,68.1,68.1,-1.0,168.0
2017,官田鋼,1524479.0,27096638.0,17.8,18.15,17.55,17.65,-0.15,786.0
2020,美亞,212394.0,4938547.0,23.3,23.35,23.1,23.25,-0.15,166.0
2022,聚亨,1503146.0,12832436.0,8.8,8.8,8.38,8.38,-0.17,684.0
2023,燁輝,1876768.0,29103008.0,15.6,15.7,15.4,15.4,-0.25,879.0
2024,志聯,8031.0,154330.0,19.25,19.25,19.2,19.2,-0.05,9.0
2025,千興,265107.0,1436929.0,5.45,5.45,5.4,5.4,-0.14,69.0
2027,大成鋼,10599477.0,471204986.0,44.85,45.1,44.15,44.2,-0.65,5627.0
2028,威致,470549.0,12538922.0,27.1,27.45,26.2,26.25,-0.6,315.0
2029,盛餘,346221.0,8961063.0,25.8,26.1,25.65,25.9,0.1,214.0
2030,彰源,1549218.0,34642212.0,22.55,22.6,22.2,22.25,-0.4,918.0
2031,新光鋼,28288388.0,1472230463.0,49.8,53.6,49.4,53.6,4.8,15041.0
2032,新鋼,404586.0,7665963.0,19.35,19.35,18.75,18.75,-0.55,246.0
2033,佳大,203226.0,3195884.0,15.95,15.95,15.55,15.65,-0.3,113.0
2034,允強,1519273.0,43955934.0,29.2,29.25,28.8,28.85,-0.35,811.0
2038,海光,649129.0,13480381.0,21.35,21.4,20.5,20.5,-0.6,362.0
2049,上銀,2683059.0,642029740.0,243.5,245.5,236.0,238.0,-6.0,3435.0
2059,川湖,870515.0,361610589.0,423.0,426.0,408.0,409.0,-14.0,1725.0
2062,橋椿,508715.0,11362073.0,22.6,22.6,22.1,22.2,-0.4,279.0
2069,運錩,364553.0,7267843.0,20.1,20.1,19.8,19.9,-0.15,207.0
2101,南港,854373.0,32701693.0,38.25,38.55,38.05,38.4,0.0,393.0
2102,泰豐,590705.0,12047177.0,20.5,20.5,20.2,20.5,0.05,273.0
2103,台橡,1653944.0,45477595.0,27.7,27.75,27.35,27.35,-0.3,718.0
2104,國際中橡,2784195.0,55106637.0,19.85,19.95,19.65,19.7,-0.15,842.0
2105,正新,3311850.0,122168859.0,37.25,37.25,36.75,36.9,0.0,1642.0
2106,建大,550073.0,17077316.0,31.1,31.25,30.85,31.2,0.2,438.0
2107,厚生,411938.0,9009592.0,21.9,22.0,21.8,21.8,-0.1,259.0
2108,南帝,503025.0,19779498.0,39.25,39.75,39.05,39.15,-0.2,385.0
2109,華豐,765180.0,11142937.0,14.7,14.95,14.3,14.35,0.2,289.0
2114,鑫永銓,14111.0,1397109.0,99.2,99.2,98.7,98.8,-0.4,20.0
2115,六暉-KY,18279.0,578879.0,31.85,31.85,31.55,31.55,-0.3,23.0
2201,裕隆,23237640.0,1868640587.0,81.7,81.8,79.0,80.3,-1.7,12537.0
2204,中華,25623153.0,1944256244.0,74.0,78.1,73.2,77.8,2.8,15732.0
2206,三陽工業,42633125.0,2315210683.0,54.2,56.2,52.1,53.5,0.5,21222.0
2207,和泰車,97291.0,62417903.0,647.0,647.0,639.0,642.0,2.0,203.0
2208,台船,21144555.0,545195368.0,26.0,26.4,25.2,25.9,-0.1,9431.0
2211,長榮鋼,796778.0,46494264.0,59.0,59.0,58.0,58.3,-0.5,754.0
2227,裕日車,24518.0,4759000.0,195.0,195.0,193.5,193.5,-1.0,87.0
2228,劍麟,481458.0,39936990.0,84.8,85.0,81.6,81.8,-3.1,409.0
2231,為升,1629596.0,284201313.0,181.0,181.0,171.0,173.5,-6.0,7100.0
2233,宇隆,822007.0,93740877.0,116.5,118.0,112.0,113.5,-2.5,745.0
2236,百達-KY,811739.0,34221844.0,44.5,44.5,41.25,41.35,-2.4,572.0
2239,英利-KY,252024.0,18653276.0,75.7,76.3,72.6,74.0,-1.6,351.0
2241,艾姆勒,97028.0,3353278.0,35.0,35.35,34.15,34.25,-0.55,76.0
2243,宏旭-KY,449825.0,9352830.0,21.25,21.25,20.4,20.6,-0.45,252.0
2247,汎德永業,452478.0,127352876.0,284.0,287.5,277.0,283.0,1.0,694.0
2250,IKKA-KY,20784.0,1530072.0,73.9,73.9,73.2,73.4,-0.3,29.0
2301,光寶科,9957737.0,730749963.0,72.9,74.1,72.5,73.2,0.3,5676.0
2302,麗正,1661027.0,35182814.0,21.35,21.8,20.8,20.95,-0.55,866.0
2303,聯電,40452984.0,2046992705.0,51.0,51.6,50.1,50.1,-0.6,19856.0
2305,全友,368465.0,8708571.0,24.15,24.15,23.35,23.6,-0.3,236.0
2308,台達電,7302177.0,2215388048.0,306.0,308.5,301.0,303.0,-3.5,6799.0
2312,金寶,6483962.0,85659345.0,13.4,13.45,13.1,13.1,-0.3,2296.0
2313,華通,10026896.0,433393057.0,43.7,43.85,43.0,43.0,-0.7,5966.0
2314,台揚,6645304.0,302749670.0,47.5,47.5,43.9,44.85,-2.65,3963.0
2316,楠梓電,120638.0,3522175.0,29.1,29.25,29.1,29.2,-0.2,108.0
2317,鴻海,33085440.0,3461031076.0,105.0,105.5,104.0,104.0,-0.5,12670.0
2321,東訊,24422.0,579868.0,23.65,24.6,22.85,23.85,0.45,35.0
2323,中環,6033297.0,48925074.0,8.19,8.22,8.02,8.04,-0.16,1580.0
2324,仁寶,25797197.0,630843742.0,24.35,24.6,24.2,24.4,0.25,6990.0
2327,國巨,6438596.0,3237230523.0,520.0,524.0,495.5,495.5,-22.5,9836.0
2328,廣宇,5101351.0,193011812.0,38.6,38.9,37.35,37.45,-1.05,2965.0
2329,華泰,3586737.0,73342517.0,20.9,21.05,20.1,20.3,-0.55,1775.0
2330,台積電,25440179.0,13103618008.0,520.0,520.0,510.0,511.0,-2.0,22738.0
2331,精英,3290292.0,76367806.0,23.5,23.8,22.8,23.2,-0.35,1331.0
2332,友訊,5032343.0,90705090.0,18.5,18.65,17.65,17.75,-0.8,3374.0
2337,旺宏,10097361.0,340755103.0,34.1,34.25,33.6,33.7,-0.4,4918.0
2338,光罩,4647871.0,386441599.0,83.7,84.9,81.9,82.3,-1.4,3555.0
2340,台亞,2319028.0,84585203.0,36.8,37.0,36.05,36.15,-0.85,1597.0
2342,茂矽,7220302.0,327817758.0,47.25,47.25,43.7,43.8,-3.5,4928.0
2344,華邦電,24306856.0,613658974.0,25.6,25.75,25.0,25.05,-0.45,9661.0
2345,智邦,3980937.0,1173541833.0,300.0,302.0,289.0,295.5,-3.0,2899.0
2347,聯強,3032747.0,183778248.0,60.9,61.6,60.2,60.2,-0.8,2023.0
2348,海悅,103243.0,6974501.0,67.7,67.7,67.4,67.6,-0.4,95.0
2348A,海悅甲特,4074.0,146233.0,35.9,35.9,35.9,35.9,0.0,5.0
2349,錸德,3021775.0,27287015.0,9.19,9.24,8.93,8.95,-0.26,1324.0
2351,順德,6468251.0,825402941.0,135.5,136.0,122.5,122.5,-13.0,5121.0
2352,佳世達,7723040.0,251568198.0,32.75,33.0,32.3,32.5,-0.25,3245.0
2353,宏碁,19967359.0,596403262.0,29.7,30.0,29.55,29.9,0.2,6831.0
2354,鴻準,1985609.0,107321708.0,54.3,54.7,53.8,53.8,-0.6,1530.0
2355,敬鵬,1532195.0,48492641.0,32.0,32.15,31.25,31.55,-0.7,1000.0
2356,英業達,13352373.0,434383376.0,32.4,33.2,32.1,32.4,0.0,6115.0
2357,華碩,1983548.0,549087745.0,279.0,280.5,275.0,276.0,-0.5,3651.0
2358,廷鑫,549627.0,5122936.0,9.32,9.39,9.28,9.31,-0.12,238.0
2359,所羅門,6176183.0,208386184.0,34.6,34.85,33.05,33.45,-0.85,3125.0
2360,致茂,2499123.0,444805377.0,174.5,181.5,174.0,178.0,2.5,1758.0
2362,藍天,570552.0,17374382.0,30.55,30.65,30.35,30.4,-0.15,400.0
2363,矽統,1556611.0,27672962.0,17.9,18.0,17.65,17.65,-0.25,956.0
2364,倫飛,505899.0,51486224.0,103.0,104.5,100.0,100.5,-2.5,481.0
2365,昆盈,550436.0,5814466.0,10.7,10.75,10.45,10.5,-0.25,333.0
2367,燿華,3332544.0,59957847.0,18.15,18.3,17.85,18.0,-0.15,1439.0
2368,金像電,8416647.0,830531360.0,101.0,101.0,97.2,98.2,-1.8,5460.0
2369,菱生,1042250.0,15524458.0,15.1,15.2,14.75,14.85,-0.2,560.0
2371,大同,5266740.0,171298529.0,32.85,32.95,32.35,32.35,-0.5,2028.0
2373,震旦行,61601.0,4936494.0,80.2,80.3,80.0,80.1,-0.1,73.0
2374,佳能,1225174.0,24914327.0,20.5,21.15,20.05,20.5,0.0,724.0
2375,凱美,1703543.0,121526867.0,73.7,73.8,70.0,70.3,-2.9,1415.0
2376,技嘉,3516174.0,465953444.0,133.5,135.0,131.0,132.0,-2.0,2483.0
2377,微星,2797545.0,403726609.0,145.0,146.0,143.5,144.0,-1.0,1249.0
2379,瑞昱,5613404.0,2098363815.0,383.0,384.0,366.5,367.0,-18.0,6199.0
2380,虹光,528844.0,5364170.0,10.15,10.25,10.1,10.15,0.0,248.0
2382,廣達,10742018.0,905841590.0,86.4,86.4,83.5,84.3,-1.2,6824.0
2383,台光電,2015699.0,343582060.0,173.0,174.0,169.0,169.0,-4.0,1732.0
2385,群光,1593224.0,150836564.0,95.0,95.4,94.2,94.6,-0.5,1143.0
2387,精元,1401803.0,61240725.0,44.1,44.45,43.0,43.7,-0.6,918.0
2388,威盛,9155344.0,706234551.0,77.9,78.6,75.8,76.7,-1.1,6232.0
2390,云辰,739626.0,9371566.0,13.0,13.0,12.5,12.6,-0.25,674.0
2392,正崴,2014797.0,84152206.0,42.35,42.45,41.35,41.45,-0.9,1264.0
2393,億光,979214.0,38782274.0,39.95,40.0,39.3,39.4,-0.5,659.0
2395,研華,1052413.0,380564933.0,370.5,370.5,357.5,358.0,-9.0,1197.0
2397,友通,120225.0,8222778.0,69.5,69.8,67.8,67.8,-1.8,334.0
2399,映泰,1229340.0,18710875.0,15.55,15.6,15.0,15.0,-0.45,646.0
2401,凌陽,2006542.0,49096071.0,24.85,24.9,24.25,24.3,-0.55,1116.0
2402,毅嘉,12002382.0,328024422.0,28.1,28.3,26.7,27.15,-0.9,5894.0
2404,漢唐,1534552.0,326563890.0,212.0,215.0,211.0,212.0,2.0,1512.0
2405,輔信,2095730.0,26626454.0,12.95,13.15,12.5,12.6,-0.25,1067.0
2406,國碩,2285615.0,45103718.0,20.05,20.2,19.5,19.5,-0.45,1733.0
2408,南亞科,9489829.0,615218944.0,65.5,66.2,64.2,64.5,-1.0,5670.0
2409,友達,46150190.0,846742226.0,18.25,18.75,18.1,18.25,0.15,11584.0
2412,中華電,11409564.0,1433566763.0,124.5,126.0,124.5,126.0,1.0,6236.0
2413,環科,3916749.0,152772974.0,40.4,40.6,38.2,38.6,-1.35,2055.0
2414,精技,158085.0,5435966.0,34.65,34.65,34.25,34.35,-0.3,190.0
2415,錩新,109357.0,2678357.0,24.95,24.95,24.35,24.45,-0.6,153.0
2417,圓剛,441707.0,10319765.0,23.65,23.7,23.1,23.2,-0.45,386.0
2419,仲琦,4113855.0,112328332.0,28.05,28.25,26.75,26.85,-1.35,2322.0
2420,新巨,443806.0,19510823.0,44.2,44.3,43.7,43.9,-0.3,334.0
2421,建準,3121895.0,161711974.0,53.3,53.6,51.2,51.3,-2.0,2156.0
2423,固緯,1043192.0,35218986.0,33.5,35.35,32.5,34.45,0.95,596.0
2424,隴華,14991.0,337243.0,22.2,22.2,21.95,21.95,-0.25,23.0
2425,承啟,1720165.0,55408196.0,32.8,33.1,31.45,31.9,-0.7,743.0
2426,鼎元,1502664.0,27694968.0,18.95,18.95,18.1,18.25,-0.7,621.0
2427,三商電,2774312.0,40328336.0,15.0,15.05,14.3,14.3,-0.65,1196.0
2428,興勤,564752.0,85686371.0,155.0,156.0,150.0,150.0,-5.0,577.0
2429,銘旺科,199772.0,3754783.0,18.9,19.25,18.5,18.5,-0.7,122.0
2430,燦坤,385135.0,16008946.0,42.05,42.05,41.2,41.2,-0.9,385.0
2431,聯昌,1372910.0,15847382.0,11.6,11.8,11.3,11.55,0.05,440.0
2433,互盛電,53383.0,2838107.0,53.2,53.3,53.0,53.3,0.1,47.0
2434,統懋,8555.0,255199.0,30.3,30.3,29.95,29.95,-0.35,204.0
2436,偉詮電,1830759.0,91326204.0,50.6,51.1,49.35,49.4,-1.2,1442.0
2438,翔耀,1365313.0,36526698.0,26.1,27.1,26.1,27.0,0.8,700.0
2439,美律,665179.0,58067044.0,88.2,88.7,86.7,86.8,-1.3,688.0
2440,太空梭,311008.0,3544792.0,11.5,11.6,11.25,11.35,-0.2,149.0
2441,超豐,888396.0,47643906.0,54.4,54.5,53.3,53.5,-0.8,860.0
2442,新美齊,2664763.0,42205327.0,16.15,16.15,15.7,16.0,-0.15,1197.0
2443,昶虹,142023.0,555320.0,3.9,3.99,3.85,3.96,-0.03,66.0
2444,兆勁,1644409.0,27150019.0,16.9,17.0,16.25,16.25,-0.65,829.0
2449,京元電子,8478408.0,390880514.0,46.0,46.5,45.9,46.0,0.0,4834.0
2450,神腦,272286.0,9337079.0,34.6,34.75,34.0,34.3,-0.3,238.0
2451,創見,479502.0,33933907.0,70.5,71.3,70.3,70.8,0.2,443.0
2453,凌群,13051411.0,920869164.0,73.8,73.9,68.1,69.1,-4.5,7245.0
2454,聯發科,5480008.0,3676148049.0,676.0,679.0,665.0,665.0,-8.0,19297.0
2455,全新,10109335.0,1006171040.0,101.0,103.0,97.1,97.1,-2.9,8003.0
2457,飛宏,46420868.0,3412501979.0,75.5,76.2,71.7,72.5,-2.1,24570.0
2458,義隆,1781177.0,172793940.0,98.6,99.5,95.3,95.4,-3.1,2535.0
2459,敦吉,74350.0,4204205.0,57.3,57.3,56.3,56.4,-0.6,93.0
2460,建通,1215008.0,27838924.0,22.8,23.9,22.05,23.0,0.15,785.0
2461,光群雷,876807.0,19319055.0,22.45,22.6,21.8,22.0,-0.4,433.0
2462,良得電,773925.0,24042560.0,31.65,31.9,30.6,31.0,-0.8,449.0
2464,盟立,311718.0,11699807.0,37.9,37.9,37.4,37.45,-0.35,300.0
2465,麗臺,738066.0,27597820.0,38.1,38.3,36.8,37.0,-1.2,568.0
2466,冠西電,18000.0,626500.0,34.9,34.9,34.75,34.8,-0.1,14.0
2467,志聖,202939.0,9643981.0,48.0,48.0,47.3,47.4,-0.85,193.0
2468,華經,758520.0,18796496.0,25.0,25.4,24.4,24.55,-0.6,471.0
2471,資通,9794937.0,550624499.0,58.5,59.6,53.7,54.0,-3.5,6362.0
2472,立隆電,837147.0,54644795.0,65.7,66.6,64.5,64.5,-1.2,621.0
2474,可成,897977.0,162974066.0,181.5,183.0,181.0,181.0,-0.5,839.0
2476,鉅祥,3455158.0,182285901.0,53.8,54.2,51.6,52.7,-1.1,1724.0
2477,美隆電,69959.0,1486951.0,21.45,21.45,21.15,21.15,-0.3,59.0
2478,大毅,267080.0,12990792.0,49.25,49.7,48.1,48.1,-1.15,257.0
2480,敦陽科,429312.0,42222428.0,99.6,100.0,97.8,98.2,-1.4,679.0
2481,強茂,5253385.0,355314462.0,69.1,69.2,66.6,66.8,-2.4,3946.0
2482,連宇,4823158.0,306168597.0,67.4,67.8,61.4,62.6,-4.0,3596.0
2483,百容,424574.0,11303516.0,26.9,27.05,26.15,26.85,-0.05,249.0
2484,希華,5214048.0,194400115.0,38.2,38.25,36.65,36.7,-1.7,3601.0
2485,兆赫,2479225.0,48212506.0,20.2,20.3,19.05,19.05,-1.05,1628.0
2486,一詮,4008115.0,114724496.0,28.95,29.4,27.85,28.65,-0.25,2072.0
2488,漢平,131981.0,4037046.0,30.75,30.75,30.4,30.4,-0.35,188.0
2489,瑞軒,1996335.0,20600314.0,10.45,10.45,10.25,10.3,-0.15,784.0
2491,吉祥全,153571.0,1932195.0,12.55,12.9,12.5,12.5,0.0,100.0
2492,華新科,5738380.0,568447073.0,102.5,103.5,97.0,97.1,-4.9,4740.0
2493,揚博,316191.0,16729025.0,53.5,54.0,52.3,52.6,-1.0,270.0
2495,普安,11588428.0,288870338.0,26.5,26.55,24.05,24.7,-1.8,5432.0
2496,卓越,123212.0,6273886.0,51.9,51.9,50.6,50.9,-0.6,40.0
2497,怡利電,2139946.0,157153568.0,74.8,75.1,72.4,72.8,-1.7,1603.0
2498,宏達電,13725830.0,805173036.0,59.6,60.0,58.0,58.1,-1.5,7980.0
2501,國建,941364.0,16009411.0,17.1,17.15,16.8,16.95,-0.2,464.0
2504,國產,1632533.0,44753145.0,27.45,27.65,27.2,27.4,0.0,819.0
2505,國揚,276995.0,5067479.0,18.35,18.4,18.2,18.25,-0.15,162.0
2506,太設,419319.0,3873070.0,9.32,9.32,9.19,9.19,-0.12,170.0
2509,全坤建,38028.0,578911.0,15.3,15.3,15.15,15.15,-0.1,141.0
2511,太子,745463.0,8616615.0,11.65,11.65,11.5,11.55,-0.15,387.0
2514,龍邦,268949.0,4645830.0,17.3,17.4,17.15,17.25,0.0,37.0
2515,中工,44710591.0,458055943.0,10.55,10.6,10.05,10.15,-0.25,7103.0
2516,新建,212441.0,1066025.0,5.02,5.04,4.98,5.0,-0.03,209.0
2520,冠德,734470.0,21537233.0,29.6,29.65,29.0,29.1,-0.5,687.0
2524,京城,32291.0,1024210.0,31.8,31.8,31.65,31.65,-0.15,24.0
2527,宏璟,138051.0,3118352.0,22.65,22.65,22.55,22.55,-0.1,87.0
2528,皇普,276100.0,6601295.0,24.5,24.5,23.65,24.0,-0.05,122.0
2530,華建,969293.0,18647621.0,19.0,19.6,19.0,19.55,0.6,369.0
2534,宏盛,3181199.0,70795448.0,22.4,22.45,22.1,22.2,-0.15,1158.0
2535,達欣工,1812980.0,54981475.0,30.85,30.85,30.1,30.15,-0.6,1508.0
2536,宏普,452563.0,10884908.0,24.2,24.2,23.9,23.95,-0.25,192.0
2537,聯上發,689282.0,4773075.0,7.06,7.06,6.89,6.93,-0.01,245.0
2538,基泰,345173.0,4550375.0,13.25,13.35,13.1,13.2,0.0,159.0
2539,櫻花建,328460.0,12216491.0,37.2,37.5,37.05,37.15,0.0,223.0
2540,愛山林,506274.0,38813220.0,76.5,78.7,75.7,76.6,0.3,206.0
2542,興富發,1647495.0,68884935.0,41.85,41.9,41.7,41.85,0.0,1454.0
2543,皇昌,267102.0,2532310.0,9.56,9.56,9.36,9.38,-0.18,64.0
2545,皇翔,222558.0,10154614.0,46.1,46.1,45.5,45.5,-0.1,254.0
2546,根基,220393.0,14930570.0,68.4,69.5,67.2,67.6,-0.9,315.0
2547,日勝生,634552.0,5797040.0,9.2,9.2,9.1,9.13,-0.03,245.0
2548,華固,361198.0,33731193.0,93.6,93.7,93.1,93.4,-0.4,409.0
2597,潤弘,221913.0,26252945.0,119.5,120.0,117.5,117.5,-2.0,327.0
2601,益航,4239736.0,38993799.0,9.35,9.38,9.1,9.13,-0.19,1676.0
2603,長榮,20587972.0,3442877793.0,170.0,170.5,165.0,166.0,-4.5,15351.0
2605,新興,3793472.0,89278093.0,24.25,24.25,23.2,23.25,-0.55,2240.0
2606,裕民,4805543.0,266131363.0,56.6,56.6,54.7,54.7,-1.2,2533.0
2607,榮運,2523138.0,69247323.0,27.7,27.75,27.25,27.35,-0.35,1206.0
2608,嘉里大榮,245578.0,9353459.0,38.2,38.25,38.0,38.15,-0.05,193.0
2609,陽明,27834172.0,1820520494.0,66.6,66.7,64.8,64.9,-1.5,17003.0
2610,華航,20343819.0,389912410.0,19.3,19.4,19.05,19.1,-0.15,7004.0
2611,志信,753886.0,10006136.0,13.55,13.6,13.1,13.1,-0.4,943.0
2612,中航,458582.0,18108211.0,40.25,40.45,39.1,39.1,-0.25,323.0
2613,中櫃,443809.0,10030487.0,22.95,23.1,22.2,23.1,0.15,436.0
2614,東森,1808317.0,35109374.0,19.6,19.7,19.2,19.25,-0.25,1175.0
2615,萬海,16189983.0,1066400467.0,68.1,68.3,64.7,65.0,-2.7,11579.0
2616,山隆,128791.0,4143655.0,32.15,32.3,32.05,32.25,0.1,229.0
2617,台航,1572318.0,49536998.0,32.0,32.15,31.1,31.15,-0.85,1079.0
2618,長榮航,16583518.0,433483376.0,26.35,26.45,26.0,26.0,-0.25,6699.0
2630,亞航,1441593.0,35196111.0,25.1,25.35,23.45,24.4,-0.6,1014.0
2633,台灣高鐵,3363518.0,103339831.0,30.6,30.85,30.55,30.85,0.2,1522.0
2634,漢翔,63375006.0,3433532585.0,54.3,55.3,52.6,54.7,0.3,29521.0
2636,台驊投控,657122.0,50400699.0,78.1,78.1,76.0,76.0,-2.0,782.0
2637,慧洋-KY,3649872.0,229366516.0,63.1,63.4,62.4,62.8,0.1,2493.0
2642,宅配通,227168.0,10406868.0,46.55,46.55,45.4,45.5,-1.05,293.0
2645,長榮航太,5943668.0,655036805.0,111.5,115.0,104.0,112.5,1.5,4951.0
2701,萬企,218941.0,2767947.0,12.7,12.75,12.55,12.6,-0.1,92.0
2702,華園,389167.0,9144176.0,23.55,23.8,23.3,23.35,-0.25,396.0
2704,國賓,434377.0,16233225.0,37.3,37.6,37.3,37.45,0.2,295.0
2705,六福,3767216.0,69219317.0,17.85,18.75,17.8,18.35,0.45,1747.0
2706,第一店,627265.0,9308427.0,14.95,14.95,14.75,14.85,-0.1,246.0
2707,晶華,1556531.0,447719653.0,292.0,295.0,284.0,286.0,-7.0,2164.0
2712,遠雄來,87050.0,3006905.0,34.8,34.85,34.15,34.8,-0.2,60.0
2722,夏都,729097.0,37008219.0,51.9,52.2,49.95,50.3,-1.9,588.0
2723,美食-KY,1299343.0,200800729.0,159.5,159.5,152.0,152.0,-7.5,1353.0
2727,王品,5188172.0,1589144577.0,305.0,314.5,301.0,306.5,-6.5,5037.0
2731,雄獅,2716100.0,469427777.0,173.5,176.0,169.5,170.5,-3.5,2658.0
2739,寒舍,2070367.0,129900488.0,61.5,66.9,61.5,65.1,-3.2,1357.0
2748,雲品,5291483.0,484092133.0,94.4,94.5,88.3,88.8,-5.7,4289.0
2753,八方雲集,1190553.0,218496564.0,186.5,188.0,181.5,181.5,-6.0,1426.0
2801,彰銀,4429647.0,77591487.0,17.45,17.55,17.45,17.55,0.0,1247.0
2809,京城銀,535181.0,18484740.0,34.55,34.75,34.35,34.65,0.05,437.0
2812,台中銀,4900657.0,68350580.0,13.95,14.0,13.9,13.95,0.0,2840.0
2816,旺旺保,56187.0,858896.0,15.4,15.45,15.2,15.25,-0.1,46.0
2820,華票,451293.0,6797487.0,15.2,15.2,15.0,15.05,-0.1,317.0
2832,台產,74193.0,1553529.0,20.95,21.0,20.9,20.9,0.0,67.0
2834,臺企銀,13365871.0,184617309.0,13.8,13.9,13.75,13.8,0.0,4845.0
2836,高雄銀,339581.0,4143894.0,12.25,12.25,12.15,12.25,0.0,188.0
2836A,高雄銀甲特,8648.0,191220.0,22.1,22.15,22.1,22.15,0.05,8.0
2838,聯邦銀,835189.0,13129721.0,15.85,15.85,15.65,15.75,-0.05,502.0
2838A,聯邦銀甲特,214151.0,11193311.0,52.3,52.4,52.1,52.2,0.1,90.0
2845,遠東銀,2050586.0,22790674.0,11.15,11.15,11.1,11.1,-0.05,912.0
2849,安泰銀,35746.0,530794.0,14.9,14.9,14.8,14.85,0.0,26.0
2850,新產,186497.0,9339310.0,50.2,50.4,49.9,50.3,0.1,198.0
2851,中再保,759417.0,13835608.0,18.15,18.4,18.1,18.15,0.0,384.0
2852,第一保,198293.0,3129774.0,15.8,15.85,15.7,15.75,-0.1,95.0
2855,統一證,744251.0,12405399.0,16.8,16.8,16.5,16.55,-0.15,370.0
2867,三商壽,13289521.0,68010067.0,5.15,5.19,5.08,5.1,-0.03,2596.0
2880,華南金,4564049.0,103866527.0,22.7,22.8,22.7,22.8,0.05,2208.0
2881,富邦金,7283980.0,422873375.0,58.2,58.4,57.8,57.9,0.0,3270.0
2881A,富邦特,153331.0,9531387.0,61.9,62.3,61.9,62.2,0.6,86.0
2881B,富邦金乙特,146054.0,8714918.0,59.7,60.0,59.5,60.0,0.3,66.0
2881C,富邦金丙特,10029.0,584434.0,58.3,58.3,58.3,58.3,0.0,37.0
2882,國泰金,12406713.0,529251434.0,43.0,43.0,42.35,42.7,-0.25,6250.0
2882A,國泰特,34302.0,2050129.0,59.8,59.9,59.7,59.9,0.0,20.0
2882B,國泰金乙特,41344.0,2464808.0,59.6,59.8,59.6,59.7,0.0,30.0
2883,開發金,44764663.0,589700839.0,13.05,13.25,13.05,13.15,0.1,11418.0
2883B,開發金乙特,3343150.0,25107775.0,7.53,7.53,7.5,7.5,-0.04,370.0
2884,玉山金,12890378.0,320364063.0,24.9,25.0,24.7,24.85,-0.05,7851.0
2885,元大金,9673076.0,216799531.0,22.4,22.5,22.3,22.45,0.15,3675.0
2886,兆豐金,8378019.0,284836931.0,33.9,34.1,33.85,34.05,0.15,3807.0
2887,台新金,10027678.0,171294945.0,17.0,17.15,16.95,17.15,0.1,3492.0
2887E,台新戊特,245182.0,12434026.0,50.7,50.8,50.7,50.8,0.0,95.0
2887F,台新戊特二,10000.0,485950.0,48.8,48.8,48.5,48.65,-0.15,7.0
2887Z1,台新己特,81506.0,1381495.0,16.9,17.1,16.85,17.1,0.2,32.0
2888,新光金,28634003.0,240783123.0,8.45,8.47,8.37,8.38,-0.08,6255.0
2888A,新光金甲特,50040.0,1743696.0,34.9,35.0,34.8,35.0,-0.05,17.0
2888B,新光金乙特,97235.0,3385130.0,34.9,34.9,34.8,34.8,-0.05,38.0
2889,國票金,3000986.0,36910627.0,12.4,12.4,12.2,12.3,-0.1,1505.0
2890,永豐金,9919804.0,165364637.0,16.6,16.7,16.6,16.7,0.05,3278.0
2891,中信金,16575077.0,369417137.0,22.35,22.4,22.2,22.3,-0.05,5765.0
2891B,中信金乙特,37414.0,2228665.0,59.6,59.7,59.5,59.5,-0.1,24.0
2891C,中信金丙特,11051.0,658228.0,59.6,59.7,59.5,59.7,0.0,7.0
2892,第一金,7421742.0,199319334.0,26.8,26.9,26.75,26.9,0.1,2763.0
2897,王道銀行,6270293.0,63290936.0,10.15,10.25,10.0,10.05,-0.1,1286.0
2897A,王道銀甲特,105000.0,1104350.0,10.55,10.55,10.5,10.5,-0.05,22.0
2901,欣欣,18902.0,471222.0,25.0,25.0,24.75,24.9,0.05,48.0
2903,遠百,1420342.0,31210614.0,22.35,22.35,21.85,21.85,-0.3,844.0
2904,匯僑,62688.0,1279273.0,20.3,20.5,20.3,20.35,0.1,46.0
2905,三商,541796.0,8091137.0,15.0,15.1,14.8,14.95,-0.05,628.0
2906,高林,918601.0,15710296.0,17.35,17.45,16.95,17.05,-0.3,471.0
2908,特力,241440.0,5023483.0,20.95,21.0,20.7,20.7,-0.25,95.0
2910,統領,14000.0,421800.0,31.55,31.55,29.75,29.75,0.0,14.0
2911,麗嬰房,181573.0,1307528.0,7.3,7.3,7.12,7.2,-0.04,283.0
2912,統一超,668837.0,180590773.0,270.5,271.0,269.0,270.0,1.0,700.0
2913,農林,80801191.0,2052149581.0,24.45,26.25,24.0,24.2,0.3,22751.0
2915,潤泰全,4997435.0,281013894.0,56.4,56.9,56.0,56.0,-0.4,2895.0
2923,鼎固-KY,23312.0,528434.0,22.9,22.9,22.5,22.55,-0.15,121.0
2929,淘帝-KY,942005.0,12510927.0,13.55,13.65,13.1,13.1,-0.45,658.0
2939,凱羿-KY,31065.0,1071278.0,34.55,34.8,34.05,34.4,-0.05,24.0
2945,三商家購,16682.0,700808.0,42.2,42.2,41.95,42.0,0.0,30.0
3002,歐格,626740.0,7715577.0,12.75,12.75,11.9,12.25,-0.4,333.0
3003,健和興,2741178.0,211114638.0,79.1,79.8,75.6,76.3,-2.0,2309.0
3004,豐達科,3325513.0,371197286.0,115.5,115.5,108.5,113.5,-2.0,2395.0
3005,神基,6709098.0,389835156.0,59.2,59.2,57.4,57.9,-1.3,3955.0
3006,晶豪科,6664619.0,556806453.0,85.7,86.2,82.1,82.9,-2.3,4921.0
3008,大立光,573882.0,1175840680.0,2035.0,2070.0,2035.0,2040.0,25.0,1827.0
3010,華立,545442.0,47955733.0,88.1,88.1,87.6,88.0,-0.1,385.0
3011,今皓,5046973.0,150944359.0,31.15,31.8,28.6,29.45,-1.85,2564.0
3013,晟銘電,5367725.0,120223119.0,23.0,23.1,22.05,22.05,-0.65,2476.0
3014,聯陽,442507.0,38914619.0,89.8,89.8,87.4,87.4,-1.5,706.0
3015,全漢,684556.0,33366247.0,49.45,49.45,48.35,48.5,-0.95,517.0
3016,嘉晶,2178265.0,143086652.0,67.6,67.6,64.5,64.5,-3.1,2115.0
3017,奇鋐,11976602.0,1719533903.0,146.0,149.5,141.0,143.0,-4.5,11971.0
3019,亞光,1049796.0,67952803.0,65.7,66.0,64.1,64.3,-1.2,795.0
3021,鴻名,228703.0,4866617.0,21.45,21.5,21.1,21.1,-0.4,135.0
3022,威強電,1849756.0,145262234.0,79.6,80.1,77.6,77.8,-2.4,1503.0
3023,信邦,1457796.0,494076125.0,337.5,343.0,334.5,340.0,9.0,930.0
3024,憶聲,2102341.0,30663863.0,14.8,14.9,14.4,14.4,-0.4,783.0
3025,星通,6813264.0,214144881.0,33.15,33.2,30.8,30.85,-1.6,3602.0
3026,禾伸堂,465530.0,47103472.0,103.0,103.5,100.5,100.5,-2.5,397.0
3027,盛達,7269059.0,325253712.0,46.4,46.7,43.6,43.6,-2.55,4633.0
3028,增你強,817282.0,26202763.0,32.35,32.35,31.85,31.95,-0.4,767.0
3029,零壹,7372824.0,411085894.0,56.9,57.3,54.6,56.0,-0.8,5119.0
3030,德律,426648.0,27386519.0,64.8,64.9,63.8,63.8,-0.9,334.0
3031,佰鴻,392736.0,7287305.0,18.75,19.0,18.25,18.4,-0.4,269.0
3032,偉訓,13760514.0,689627013.0,52.9,53.5,47.8,50.7,-2.1,5710.0
3033,威健,2540455.0,75914959.0,30.3,30.5,29.7,29.8,-0.5,1558.0
3034,聯詠,3742513.0,1651053183.0,445.0,450.0,436.0,436.0,-9.0,5264.0
3035,智原,10645690.0,1988893657.0,190.5,192.0,181.5,184.5,-6.5,9410.0
3036,文曄,1073894.0,71459533.0,67.0,67.3,66.0,66.2,-0.9,823.0
3036A,文曄甲特,26050.0,1267635.0,48.6,48.7,48.6,48.6,0.0,19.0
3037,欣興,22921703.0,3143725411.0,136.0,139.0,135.5,136.5,1.0,15044.0
3038,全台,7319996.0,205461295.0,29.0,29.25,27.45,27.8,-1.65,3566.0
3040,遠見,13059.0,421214.0,32.5,32.5,32.05,32.05,-0.45,15.0
3041,揚智,1526094.0,30634687.0,20.45,20.6,19.85,19.85,-0.6,1253.0
3042,晶技,1280888.0,109537777.0,86.0,86.5,85.0,85.0,-1.0,1257.0
3043,科風,170445.0,6864993.0,40.55,41.1,39.05,39.35,-1.2,218.0
3044,健鼎,2826550.0,330099094.0,116.5,118.0,116.0,116.5,1.5,1843.0
3045,台灣大,3955415.0,405423186.0,102.0,103.0,102.0,102.5,-0.5,2837.0
3046,建碁,4515657.0,322604929.0,73.7,75.0,69.6,69.6,-4.4,3260.0
3047,訊舟,7646858.0,125167025.0,16.9,17.0,16.05,16.2,-0.6,2977.0
3048,益登,3212607.0,92773622.0,29.15,29.35,28.4,28.5,-0.2,1837.0
3049,和鑫,3920640.0,39582104.0,10.2,10.35,9.96,9.96,-0.19,1363.0
3050,鈺德,939147.0,14629461.0,15.8,15.8,15.4,15.5,-0.2,542.0
3051,力特,1226769.0,22711968.0,19.05,19.1,18.1,18.35,-0.65,961.0
3052,夆典,324627.0,3596856.0,11.2,11.25,11.05,11.1,-0.1,256.0
3054,立萬利,6000.0,113650.0,19.15,19.15,18.85,18.85,-0.05,5.0
3055,蔚華科,100119.0,2878857.0,28.7,29.4,28.0,28.75,-0.35,135.0
3056,總太,4250467.0,205379030.0,48.7,49.0,47.85,48.3,-0.1,2536.0
3057,喬鼎,148439.0,1751277.0,11.95,12.05,11.6,11.75,-0.15,326.0
3058,立德,26155792.0,619310678.0,25.5,25.5,22.05,22.8,-1.65,11837.0
3059,華晶科,2223383.0,76373165.0,35.0,35.3,33.9,33.9,-0.65,1522.0
3060,銘異,243473.0,4298314.0,18.05,18.05,17.45,17.45,-0.4,387.0
3062,建漢,3087328.0,71935613.0,23.9,23.9,23.0,23.0,-0.8,1846.0
3090,日電貿,1185297.0,67692633.0,57.6,57.8,56.8,56.8,-0.8,999.0
3092,鴻碩,2008209.0,76025892.0,38.15,38.8,37.0,37.0,-1.35,1379.0
3094,聯傑,3940892.0,133274189.0,33.9,34.7,32.7,33.6,-0.2,2056.0
3130,一零四,13273.0,2772048.0,209.0,209.0,208.0,209.0,-1.0,155.0
3138,耀登,1511599.0,244747960.0,168.0,169.5,156.0,157.5,-10.5,1920.0
3149,正達,4609960.0,91820877.0,20.0,20.35,19.35,19.6,-0.05,2381.0
3164,景岳,73810.0,1820045.0,25.1,25.1,24.4,24.45,-0.7,98.0
3167,大量,130202.0,5610377.0,43.35,43.35,42.9,42.9,-0.3,141.0
3189,景碩,4477370.0,486674049.0,108.0,110.5,107.5,107.5,0.0,3185.0
3209,全科,1615629.0,67319277.0,42.1,42.25,41.25,41.5,-0.55,1210.0
3229,晟鈦,21003.0,411957.0,19.65,19.65,19.6,19.6,-0.05,12.0
3231,緯創,84165269.0,3751938717.0,44.85,45.45,43.9,44.5,-1.3,32738.0
3257,虹冠電,134355.0,7387597.0,55.8,55.8,54.1,55.3,-0.4,520.0
3266,昇陽,122000.0,1564900.0,12.9,12.9,12.8,12.8,-0.1,51.0
3296,勝德,849405.0,14609950.0,17.95,17.95,16.7,17.25,-0.55,446.0
3305,昇貿,2003525.0,101017977.0,51.5,51.7,49.6,49.7,-2.4,1403.0
3308,聯德,584184.0,17634422.0,30.5,30.65,29.75,30.55,0.0,347.0
3311,閎暉,80509.0,2765422.0,34.3,34.8,34.2,34.5,-0.35,150.0
3312,弘憶股,1191803.0,25277884.0,21.65,21.7,20.95,21.05,-0.45,604.0
3321,同泰,72062.0,455022.0,6.44,6.44,6.28,6.3,-0.01,42.0
3338,泰碩,2861882.0,126766911.0,46.7,46.95,43.25,43.5,-2.85,1963.0
3346,麗清,1991347.0,77620290.0,40.35,40.6,38.2,38.35,-1.95,1352.0
3356,奇偶,1154259.0,43980804.0,38.95,39.05,37.7,37.7,-0.9,755.0
3376,新日興,324944.0,28292419.0,87.7,88.4,86.2,86.8,-1.3,283.0
3380,明泰,9256492.0,340483987.0,39.15,39.15,35.65,35.65,-3.65,6218.0
3406,玉晶光,1853165.0,699703380.0,383.0,386.0,371.0,371.0,-11.0,2651.0
3413,京鼎,372211.0,70839147.0,191.5,193.0,189.0,190.0,-0.5,473.0
3416,融程電,629649.0,68172925.0,106.0,109.5,106.0,108.5,3.5,525.0
3419,譁裕,1577055.0,30320382.0,19.7,19.75,19.0,19.0,-0.65,831.0
3432,台端,580376.0,7773409.0,13.3,13.6,13.25,13.55,0.25,381.0
3437,榮創,364453.0,7038766.0,20.1,20.1,19.15,19.3,-0.5,318.0
3443,創意,5195917.0,5342159735.0,1050.0,1060.0,1005.0,1015.0,-35.0,5817.0
3447,展達,1156818.0,61165971.0,55.3,55.4,51.4,52.0,-3.1,896.0
3450,聯鈞,641730.0,24403966.0,38.7,38.7,37.6,37.7,-1.0,491.0
3454,晶睿,1531862.0,350153646.0,234.5,234.5,225.0,225.0,-8.0,1879.0
3481,群創,84694262.0,1215026673.0,14.25,14.55,14.2,14.35,0.25,17648.0
3494,誠研,229685.0,1590310.0,6.91,7.0,6.9,6.9,-0.17,124.0
3501,維熹,4712696.0,268361560.0,58.7,59.2,54.9,55.1,-2.5,3560.0
3504,揚明光,1253377.0,99929979.0,80.7,81.7,78.4,78.5,-2.1,1043.0
3515,華擎,1169537.0,156231656.0,136.0,137.5,131.0,131.5,-5.0,1102.0
3518,柏騰,1388887.0,43602115.0,32.4,32.9,30.75,31.1,-0.95,716.0
3528,安馳,117094.0,7312056.0,63.3,63.8,61.7,62.9,-0.1,130.0
3530,晶相光,212926.0,17374685.0,83.9,83.9,80.7,81.0,-2.6,204.0
3532,台勝科,1238022.0,187565493.0,152.0,153.0,150.0,151.5,0.5,1195.0
3533,嘉澤,519089.0,464874686.0,910.0,913.0,883.0,896.0,-12.0,1230.0
3535,晶彩科,622761.0,13283413.0,21.65,21.7,21.1,21.25,-0.4,418.0
3543,州巧,65006.0,1408280.0,22.15,22.25,21.5,21.8,0.1,55.0
3545,敦泰,3395030.0,280142502.0,83.8,84.4,81.2,81.5,-1.7,2785.0
3550,聯穎,415484.0,6546453.0,16.3,16.3,15.5,15.75,-0.45,281.0
3557,嘉威,191251.0,13003202.0,68.0,69.4,66.7,66.9,-1.1,187.0
3563,牧德,243318.0,44819501.0,188.0,189.0,181.0,182.5,-6.0,464.0
3576,聯合再生,29377109.0,617661858.0,21.5,21.65,20.9,20.9,-0.55,6641.0
3583,辛耘,2083038.0,182120446.0,87.7,90.8,85.3,85.5,-1.6,1793.0
3588,通嘉,834248.0,51945127.0,63.0,65.1,61.1,61.2,-1.5,607.0
3591,艾笛森,3136115.0,74658837.0,24.5,24.8,23.25,23.5,-0.85,1555.0
3592,瑞鼎,1477159.0,608293499.0,423.5,425.5,403.0,403.5,-14.5,2004.0
3593,力銘,46199.0,576454.0,12.5,12.5,12.45,12.5,-0.05,140.0
3596,智易,1510244.0,155677055.0,104.5,105.0,102.0,102.0,-2.0,1233.0
3605,宏致,359297.0,11065743.0,31.4,31.4,30.5,30.65,-0.65,323.0
3607,谷崧,262630.0,3647331.0,14.0,14.15,13.75,13.85,-0.15,211.0
3617,碩天,625653.0,76546149.0,123.0,124.5,120.5,122.0,-0.5,536.0
3622,洋華,257711.0,8148427.0,31.9,32.15,31.2,31.3,-0.35,225.0
3645,達邁,306911.0,10407653.0,34.25,34.4,33.7,34.2,-0.05,259.0
3652,精聯,3810712.0,117450404.0,32.15,32.45,29.7,29.95,-3.0,2312.0
3653,健策,1473427.0,665495924.0,466.0,466.5,443.0,449.0,-14.5,1637.0
3661,世芯-KY,7421168.0,9196644375.0,1320.0,1320.0,1190.0,1195.0,-120.0,8373.0
3665,貿聯-KY,1710975.0,455841674.0,273.5,273.5,262.5,263.0,-10.0,2505.0
3669,圓展,93220.0,4155576.0,45.05,45.4,44.15,44.6,-0.35,81.0
3673,TPK-KY,7416982.0,282241676.0,38.9,38.95,37.5,37.5,-1.0,3965.0
3679,新至陞,124252.0,11095471.0,90.2,90.8,88.6,89.0,-1.3,107.0
3682,亞太電,1256425.0,8217773.0,6.53,6.58,6.51,6.56,0.03,458.0
3686,達能,1254195.0,19673934.0,16.2,16.2,15.3,15.5,-0.75,835.0
3694,海華,770363.0,18468416.0,24.5,24.9,23.5,23.7,-1.05,529.0
3701,大眾控,1972734.0,110894565.0,57.0,57.6,55.0,56.0,-1.0,1277.0
3702,大聯大,4347565.0,216333786.0,49.95,50.2,49.55,49.65,-0.3,2317.0
3702A,大聯大甲特,65034.0,3200319.0,49.2,49.25,49.2,49.2,0.0,24.0
3703,欣陸,1795047.0,55845404.0,31.45,31.45,30.85,30.95,-0.45,1196.0
3704,合勤控,12442956.0,509731871.0,42.55,42.9,40.2,40.2,-2.65,11162.0
3705,永信,1119293.0,50028484.0,44.95,45.2,44.3,44.3,-0.3,740.0
3706,神達,4661436.0,129781704.0,27.85,28.1,27.65,27.75,-0.1,2264.0
3708,上緯投控,2420239.0,252955235.0,108.0,108.0,102.5,103.0,-4.5,2035.0
3711,日月光投控,19738692.0,2030414469.0,102.5,104.0,102.5,102.5,-1.0,8469.0
3712,永崴投控,3615908.0,131885954.0,37.4,37.8,35.7,36.1,-1.2,2020.0
3714,富采,4679901.0,242292645.0,52.6,53.1,51.0,51.0,-1.3,3033.0
3715,定穎投控,11100368.0,263593209.0,24.2,24.4,23.35,23.5,-0.9,4991.0
4104,佳醫,530286.0,45002662.0,85.3,86.2,84.1,84.5,-1.2,913.0
4106,雃博,288125.0,8737248.0,31.35,31.35,29.9,30.0,-0.8,241.0
4108,懷特,216181.0,4097755.0,19.2,19.2,18.8,18.85,-0.35,550.0
4119,旭富,1139070.0,143657621.0,127.0,129.0,123.5,126.5,0.5,977.0
4133,亞諾法,549582.0,19950426.0,37.15,37.25,35.8,35.8,-1.25,726.0
4137,麗豐-KY,589029.0,133308165.0,226.5,233.0,219.5,219.5,-4.0,572.0
4142,國光生,2714519.0,108987156.0,40.0,40.85,39.15,40.1,0.15,1761.0
4148,全宇生技-KY,545798.0,34301049.0,64.9,65.1,61.6,61.6,-3.4,399.0
4155,訊映,1532844.0,49072400.0,32.25,32.7,31.7,31.75,-0.7,729.0
4164,承業醫,6242558.0,430242029.0,70.7,72.3,66.9,67.1,-3.6,4279.0
4190,佐登-KY,1117504.0,110383217.0,101.5,103.0,96.5,97.2,-5.8,1111.0
4306,炎洲,1543439.0,25438477.0,16.45,16.65,16.3,16.6,0.05,629.0
4426,利勤,448207.0,10943780.0,24.85,24.85,24.1,24.1,-0.7,335.0
4438,廣越,104664.0,11932696.0,114.5,115.0,113.5,113.5,-1.5,105.0
4439,冠星-KY,45050.0,4992637.0,111.5,111.5,110.5,111.0,-1.0,39.0
4440,宜新實業,112865.0,3892877.0,34.7,34.8,34.35,34.4,-0.25,84.0
4526,東台,339401.0,5858932.0,17.35,17.55,17.15,17.2,-0.15,407.0
4532,瑞智,529728.0,9317367.0,17.75,17.85,17.45,17.55,-0.2,301.0
4536,拓凱,1359302.0,274749003.0,205.0,206.0,199.0,201.0,-3.5,1453.0
4540,全球傳動,158156.0,6637471.0,42.75,42.95,41.0,41.6,-1.15,157.0
4545,銘鈺,85164.0,2749920.0,32.65,32.65,31.6,32.5,-0.25,90.0
4551,智伸科,687239.0,94551683.0,140.0,140.0,136.0,136.5,-3.5,615.0
4552,力達-KY,285418.0,9263778.0,32.7,32.85,32.3,32.45,-0.1,219.0
4555,氣立,112197.0,5426765.0,48.6,48.6,48.3,48.35,0.05,22.0
4557,永新-KY,88528.0,9459148.0,108.0,109.5,106.0,106.0,-1.5,106.0
4560,強信-KY,61000.0,2392550.0,39.35,39.35,39.1,39.3,-0.05,47.0
4562,穎漢,160355.0,2590151.0,16.35,16.4,16.0,16.1,-0.4,94.0
4564,元翎,536286.0,12754646.0,24.05,24.1,23.6,23.75,-0.25,1213.0
4566,時碩工業,3598318.0,218661430.0,61.7,63.0,58.5,60.1,-1.6,2549.0
4571,鈞興-KY,45000.0,3605800.0,81.7,81.7,76.5,78.5,-2.7,34.0
4572,駐龍,1551746.0,238512075.0,157.0,159.0,149.0,154.5,-1.5,1346.0
4576,大銀微系統,187476.0,14320007.0,78.7,78.7,75.9,76.0,-1.7,158.0
4581,光隆精密-KY,166326.0,8001526.0,50.3,50.3,47.1,47.85,-1.5,134.0
4583,台灣精銳,48903.0,10504521.0,214.0,219.0,212.0,212.0,-2.0,70.0
4720,德淵,175417.0,2549226.0,14.6,14.7,14.4,14.6,0.0,93.0
4722,國精化,43702.0,1534489.0,35.15,35.3,35.0,35.05,-0.15,37.0
4737,華廣,45032.0,3356425.0,76.1,76.1,74.0,74.7,0.4,60.0
4739,康普,641323.0,60304389.0,95.0,96.0,93.1,93.4,-1.9,974.0
4746,台耀,2523440.0,204908721.0,83.0,83.0,80.0,80.8,-1.8,2049.0
4755,三福化,1068475.0,142279526.0,136.5,139.0,129.0,129.5,-5.5,1014.0
4763,材料-KY,945232.0,418062411.0,467.5,467.5,433.0,435.0,-30.0,1098.0
4764,雙鍵,81100.0,4270000.0,53.8,53.9,51.0,51.0,-1.2,33.0
4766,南寶,58924.0,8662780.0,148.0,148.5,146.0,147.5,0.0,83.0
4770,上品,1280945.0,390424172.0,307.0,311.0,299.5,299.5,-2.5,1351.0
4807,日成-KY,6006.0,124925.0,20.6,20.9,20.6,20.9,0.1,7.0
4904,遠傳,5714134.0,443967397.0,77.4,78.0,77.0,78.0,0.6,2659.0
4906,正文,7889253.0,244818007.0,32.0,32.05,30.5,30.8,-1.3,3685.0
4912,聯德控股-KY,46173.0,3437013.0,75.1,75.3,73.6,74.0,-1.4,230.0
4915,致伸,2882407.0,173178208.0,60.5,60.9,59.7,59.8,-0.7,1782.0
4916,事欣科,3267905.0,106782929.0,33.65,33.95,32.05,32.1,-1.65,2055.0
4919,新唐,5006131.0,700009975.0,142.0,143.0,138.0,139.0,-3.5,4405.0
4927,泰鼎-KY,1599993.0,91624985.0,58.7,58.9,56.3,56.7,-1.7,1254.0
4930,燦星網,200472.0,5091927.0,25.7,25.7,25.2,25.25,-0.45,157.0
4934,太極,5317867.0,167584458.0,32.3,32.8,30.8,31.0,-1.55,3048.0
4935,茂林-KY,213241.0,12156710.0,57.9,58.0,56.3,56.4,-1.5,170.0
4938,和碩,6829086.0,479676631.0,70.2,70.6,69.9,70.1,0.0,3865.0
4942,嘉彰,181237.0,6870937.0,38.2,38.2,37.65,37.85,-0.25,123.0
4952,凌通,410391.0,22828192.0,56.3,56.6,55.1,55.3,-1.2,398.0
4956,光鋐,599205.0,9859797.0,17.1,17.1,16.25,16.25,-0.7,352.0
4958,臻鼎-KY,3137520.0,350249626.0,111.0,112.5,111.0,111.0,-0.5,1858.0
4961,天鈺,6321857.0,1008135536.0,165.0,165.0,155.5,156.0,-7.5,5421.0
4967,十銓,8254716.0,604704841.0,73.8,75.8,70.5,73.2,-0.3,6356.0
4968,立積,28255189.0,5054306001.0,174.0,186.0,172.0,177.5,5.0,19750.0
4976,佳凌,1081190.0,52739563.0,49.5,49.85,48.1,49.05,-0.05,845.0
4977,眾達-KY,3607745.0,424816344.0,121.5,123.0,115.0,115.5,-6.0,2782.0
4989,榮科,227983.0,6065856.0,27.0,27.15,26.2,26.25,-0.55,176.0
4994,傳奇,119012.0,5373977.0,46.2,46.5,44.5,45.0,-0.95,108.0
4999,鑫禾,11729.0,444745.0,38.0,38.0,37.75,38.0,0.0,115.0
5007,三星,75427.0,3919825.0,52.6,52.6,51.6,51.8,-0.5,81.0
5203,訊連,986726.0,96992166.0,101.0,101.5,96.8,97.0,-3.0,951.0
5215,科嘉-KY,72103.0,3477375.0,48.8,49.15,47.4,48.1,-0.7,61.0
5222,全訊,5098232.0,944871396.0,191.0,191.0,180.5,185.0,-5.5,3932.0
5225,東科-KY,647087.0,24435263.0,38.5,38.5,37.2,37.4,-0.55,347.0
5234,達興材料,3213924.0,309191828.0,95.4,101.0,91.3,91.3,-3.2,2956.0
5243,乙盛-KY,9867796.0,687165914.0,72.2,73.1,67.0,67.0,-4.4,6657.0
5244,弘凱,96000.0,2926400.0,31.0,31.0,30.3,30.4,-0.55,46.0
5258,虹堡,5260325.0,431822575.0,84.2,84.7,80.6,80.6,-3.4,3839.0
5269,祥碩,1334373.0,1588513920.0,1250.0,1250.0,1160.0,1170.0,-55.0,1821.0
5283,禾聯碩,59107.0,6406061.0,109.0,109.0,108.0,108.0,-1.0,113.0
5284,jpp-KY,2552431.0,297506642.0,116.5,120.0,112.0,117.5,2.0,1939.0
5285,界霖,831758.0,66285096.0,82.5,82.5,78.2,79.5,-2.2,727.0
5288,豐祥-KY,260419.0,44578036.0,174.0,174.5,170.0,170.0,-3.5,174.0
5306,桂盟,110332.0,15770217.0,143.5,144.0,142.5,142.5,-0.5,308.0
5388,中磊,3890315.0,325432421.0,85.9,86.0,82.6,82.7,-2.8,3054.0
5434,崇越,855237.0,160324297.0,187.0,189.5,186.0,186.0,1.0,737.0
5469,瀚宇博,5619808.0,215189604.0,38.75,39.3,37.25,37.25,-1.1,3002.0
5471,松翰,753888.0,38527279.0,52.3,52.6,50.3,50.5,-1.8,830.0
5484,慧友,295584.0,5053093.0,17.35,17.5,16.85,16.9,-0.7,164.0
5515,建國,391859.0,5029764.0,13.1,13.1,12.75,12.9,-0.05,222.0
5519,隆大,495568.0,12054213.0,24.5,24.55,24.05,24.4,-0.15,354.0
5521,工信,1340702.0,10348823.0,7.76,7.82,7.65,7.77,-0.01,553.0
5522,遠雄,1703957.0,98353809.0,58.0,58.3,57.5,57.6,0.0,1132.0
5525,順天,76835.0,2019026.0,26.6,26.6,26.1,26.1,-0.5,51.0
5531,鄉林,435794.0,4247705.0,9.92,9.94,9.7,9.71,-0.19,229.0
5533,皇鼎,355600.0,6493696.0,18.45,18.55,18.15,18.2,-0.25,173.0
5534,長虹,391850.0,30942106.0,79.3,79.5,78.5,79.1,-0.2,385.0
5538,東明-KY,13100.0,541504.0,41.55,41.55,41.0,41.15,-0.4,12.0
5546,永固-KY,34026.0,1359702.0,40.5,40.5,39.7,40.1,-0.1,38.0
5607,遠雄港,1160366.0,86331148.0,74.1,75.6,73.4,74.0,-0.1,1214.0
5608,四維航,3684961.0,95450715.0,26.6,26.6,25.45,25.5,-0.8,2096.0
5706,鳳凰,1027121.0,64725334.0,63.8,64.3,62.5,62.5,-1.5,890.0
5871,中租-KY,2171973.0,490554449.0,226.0,228.0,224.0,225.5,0.5,2121.0
5871A,中租-KY甲特,14354.0,1431726.0,99.8,99.8,99.7,99.8,0.0,19.0
5876,上海商銀,2534372.0,117411868.0,46.1,46.7,46.1,46.35,0.0,1611.0
5880,合庫金,6397031.0,168347744.0,26.25,26.45,26.25,26.35,-0.05,3501.0
5906,台南-KY,61000.0,2249250.0,37.05,37.15,36.35,36.55,0.25,47.0
5907,大洋-KY,200117.0,2994805.0,15.05,15.1,14.85,14.9,-0.25,110.0
6005,群益證,5909323.0,79541014.0,13.6,13.65,13.3,13.45,-0.25,1246.0
6024,群益期,309450.0,13406004.0,43.4,43.7,43.0,43.45,-0.05,385.0
6108,競國,99170.0,1713738.0,17.45,17.45,17.2,17.2,-0.3,96.0
6112,邁達特,5351399.0,246651098.0,46.8,48.0,44.2,44.65,-0.65,3692.0
6115,鎰勝,345313.0,15542593.0,45.9,45.9,44.75,45.3,0.3,282.0
6116,彩晶,17890226.0,235516650.0,13.1,13.3,13.0,13.1,0.1,4412.0
6117,迎廣,194035.0,2839134.0,14.95,14.95,14.5,14.55,-0.4,182.0
6120,達運,2084659.0,21921106.0,10.8,10.85,10.35,10.4,-0.25,819.0
6128,上福,291086.0,9688476.0,33.65,33.75,33.05,33.15,-0.5,215.0
6133,金橋,2038110.0,45515434.0,22.65,22.8,22.1,22.3,-0.35,900.0
6136,富爾特,241336.0,4637354.0,19.3,19.35,19.1,19.15,-0.2,153.0
6139,亞翔,2955639.0,134718690.0,45.35,46.5,44.65,44.7,-0.5,1456.0
6141,柏承,90522.0,1691586.0,18.8,18.85,18.6,18.75,0.0,51.0
6142,友勁,3948706.0,54044542.0,14.25,14.25,13.4,13.55,-0.55,1503.0
6152,百一,2274499.0,26894679.0,12.1,12.25,11.6,11.8,-0.2,896.0
6153,嘉聯益,2828388.0,67059887.0,24.25,24.25,23.5,23.5,-0.6,1481.0
6155,鈞寶,377206.0,9929325.0,27.1,27.1,25.9,25.9,-1.05,278.0
6164,華興,837535.0,9572632.0,11.7,11.8,11.25,11.45,-0.25,296.0
6165,浪凡,270251.0,8165443.0,30.45,30.75,30.0,30.1,-0.2,179.0
6166,凌華,250254.0,14968406.0,61.6,61.6,59.0,59.1,-1.3,221.0
6168,宏齊,1506565.0,37176530.0,25.05,25.35,24.3,24.75,-0.45,789.0
6176,瑞儀,4021970.0,447599828.0,112.5,112.5,110.5,111.0,-1.5,2513.0
6177,達麗,740384.0,23340970.0,31.6,31.7,31.4,31.45,-0.15,362.0
6183,關貿,96415.0,5960920.0,62.5,62.6,61.3,62.3,-0.3,193.0
6184,大豐電,55883.0,2806899.0,50.6,50.6,50.1,50.3,0.0,53.0
6189,豐藝,603399.0,24961574.0,41.8,41.85,41.1,41.2,-0.6,588.0
6191,精成科,2605885.0,87735088.0,34.0,34.3,33.25,33.25,-0.65,1799.0
6192,巨路,460478.0,35367385.0,77.5,77.5,75.3,76.1,-1.3,1022.0
6196,帆宣,1621615.0,212999636.0,131.5,134.0,129.0,129.5,1.5,1440.0
6197,佳必琪,1836887.0,97925621.0,54.6,54.6,52.3,53.3,-0.3,1275.0
6201,亞弘電,20927.0,905704.0,43.4,43.4,43.1,43.4,0.0,27.0
6202,盛群,964297.0,68163397.0,71.6,72.0,70.0,70.0,-1.7,1047.0
6205,詮欣,1241748.0,92627391.0,74.6,76.3,73.8,74.0,-1.6,863.0
6206,飛捷,437066.0,30918318.0,71.4,71.5,70.2,70.6,-0.7,370.0
6209,今國光,2506697.0,79461349.0,32.9,32.9,31.0,31.25,-1.25,1291.0
6213,聯茂,1562955.0,114371858.0,74.3,74.9,72.1,72.2,-1.9,1360.0
6214,精誠,789203.0,62491287.0,80.4,80.5,78.6,78.8,-1.5,621.0
6215,和椿,1927895.0,56009551.0,29.2,30.0,27.85,29.05,-0.75,1161.0
6216,居易,410240.0,10826651.0,26.55,26.55,26.3,26.3,-0.3,358.0
6224,聚鼎,298504.0,19244666.0,65.9,65.9,63.8,63.8,-2.1,423.0
6225,天瀚,198023.0,2436225.0,11.5,12.45,11.5,12.45,1.1,119.0
6226,光鼎,1050000.0,12663456.0,12.25,12.4,11.9,11.95,-0.3,426.0
6230,尼得科超眾,204313.0,31924166.0,161.5,162.0,152.5,155.0,-6.5,237.0
6235,華孚,37349415.0,3510981989.0,96.0,96.8,91.3,93.2,-2.2,20717.0
6239,力成,3133668.0,281793651.0,89.9,91.0,89.6,89.9,0.1,2092.0
6243,迅杰,667698.0,24394662.0,37.8,37.85,35.8,36.2,-1.4,461.0
6257,矽格,1926095.0,103358398.0,54.2,54.4,53.1,53.2,-1.0,1233.0
6269,台郡,2853995.0,284441919.0,99.5,100.5,98.9,98.9,0.4,2070.0
6271,同欣電,11366177.0,1884866813.0,167.0,172.0,163.0,166.0,-15.0,10752.0
6277,宏正,341893.0,28811841.0,85.8,85.8,83.5,84.3,-0.9,775.0
6278,台表科,1248286.0,123456489.0,100.5,101.0,98.1,98.1,-1.9,1089.0
6281,全國電,38263.0,3203868.0,84.1,84.1,83.6,83.6,-0.1,49.0
6282,康舒,113190224.0,5000627377.0,44.75,45.8,42.05,43.6,-0.5,47076.0
6283,淳安,350960.0,11719544.0,34.35,34.35,32.85,33.2,-0.75,246.0
6285,啟碁,12716358.0,1197363254.0,97.2,97.7,92.2,92.5,-4.6,9559.0
6288,聯嘉,13690110.0,426225201.0,32.4,32.75,30.2,31.05,-1.45,7164.0
6405,悅城,64055.0,1425175.0,22.5,22.75,21.85,21.9,-0.6,42.0
6409,旭隼,109855.0,192941850.0,1765.0,1775.0,1730.0,1755.0,-5.0,218.0
6412,群電,409826.0,32340149.0,79.2,79.8,78.3,78.6,-0.9,349.0
6414,樺漢,947378.0,234067410.0,251.0,253.0,245.0,246.0,-4.5,1068.0
6415,矽力*-KY,2158221.0,1058030489.0,502.0,507.0,476.0,479.0,-22.0,2663.0
6416,瑞祺電通,889961.0,92446762.0,107.5,107.5,102.0,104.5,-3.0,824.0
6426,統新,167594.0,10595847.0,64.2,64.2,62.6,62.6,-1.5,154.0
6431,光麗-KY,25076.0,524630.0,21.0,21.0,20.85,20.9,-0.15,87.0
6438,迅得,2199419.0,246175393.0,114.0,115.5,109.0,111.0,-1.5,1633.0
6442,光聖,429111.0,22335772.0,54.2,54.2,51.2,51.2,-3.0,551.0
6443,元晶,20069508.0,763038496.0,38.6,38.85,37.55,38.0,-0.55,9283.0
6449,鈺邦,19209.0,1007501.0,52.8,52.9,52.2,52.4,-0.2,34.0
6451,訊芯-KY,260941.0,21825490.0,84.6,86.0,82.3,82.3,-1.8,233.0
6456,GIS-KY,1282530.0,103781598.0,81.8,82.4,80.2,80.8,-0.8,1030.0
6464,台數科,24144.0,2187558.0,90.0,93.5,90.0,90.1,0.1,28.0
6477,安集,7373548.0,396484147.0,55.2,55.9,52.3,52.4,-2.5,5002.0
6491,晶碩,1338027.0,563486607.0,438.0,438.0,413.0,421.5,-14.5,1801.0
6504,南六,62448.0,5009549.0,81.1,81.1,79.8,80.1,-1.0,105.0
6505,台塑化,1212198.0,102907292.0,85.5,85.5,84.3,85.4,0.2,1100.0
6515,穎崴,673319.0,479821336.0,723.0,727.0,701.0,705.0,-9.0,897.0
6525,捷敏-KY,292435.0,21320168.0,74.0,74.1,72.5,72.6,-1.4,285.0
6531,愛普*,6098620.0,1790225995.0,302.5,304.0,286.0,291.0,-10.0,5284.0
6533,晶心科,3399841.0,1622339006.0,481.0,485.0,471.0,477.0,-0.5,3908.0
6541,泰福-KY,249203.0,19445524.0,79.6,79.9,75.5,77.8,-1.8,225.0
6550,北極星藥業-KY,4948703.0,473461723.0,97.7,97.9,93.3,93.6,-3.9,3547.0
6552,易華電,119566.0,4211810.0,35.8,36.0,34.7,34.75,-1.25,178.0
6558,興能高,470689.0,12536386.0,27.3,27.75,26.2,26.2,-1.3,326.0
6573,虹揚-KY,143619.0,2212774.0,15.35,15.7,15.2,15.25,-0.3,93.0
6579,研揚,146062.0,13135317.0,91.1,91.3,88.6,90.4,-0.7,158.0
6581,鋼聯,119006.0,10759277.0,91.4,91.4,89.9,90.1,-1.5,172.0
6582,申豐,330551.0,20789725.0,62.7,64.1,62.2,62.2,0.1,334.0
6585,鼎基,116350.0,7434824.0,65.0,65.0,63.3,63.8,-1.2,96.0
6591,動力-KY,330516.0,16600843.0,51.1,51.2,49.8,49.85,-1.15,251.0
6592,和潤企業,2048873.0,262021852.0,130.0,131.5,126.5,127.0,-3.5,2058.0
6592A,和潤企業甲特,21154.0,2064022.0,97.6,97.6,97.5,97.6,0.0,12.0
6598,ABC-KY,114628.0,3196569.0,28.05,28.2,27.8,27.9,-0.15,115.0
6605,帝寶,714877.0,69321298.0,97.1,98.4,96.5,96.5,-0.7,658.0
6606,建德工業,490666.0,14298761.0,29.3,29.6,28.85,29.2,-0.4,374.0
6625,必應,5531647.0,385351110.0,69.6,72.0,66.0,69.5,2.9,4282.0
6641,基士德-KY,16165.0,916819.0,56.7,56.8,56.7,56.7,-0.6,23.0
6655,科定,48070.0,6164980.0,128.5,128.5,128.0,128.5,0.5,30.0
6666,羅麗芬-KY,538399.0,48165241.0,89.3,92.6,87.0,87.6,-1.7,480.0
6668,中揚光,224592.0,9250126.0,41.85,42.0,40.85,40.85,-0.85,157.0
6669,緯穎,2784185.0,3066825780.0,1150.0,1150.0,1085.0,1095.0,-35.0,3329.0
6670,復盛應用,395875.0,84148223.0,211.0,214.5,211.0,213.5,0.0,418.0
6671,三能-KY,12116.0,501670.0,41.8,41.8,40.6,40.95,-0.85,15.0
6672,騰輝電子-KY,460509.0,39782017.0,88.6,88.6,85.0,85.0,-2.8,511.0
6674,鋐寶科技,8000.0,222100.0,28.3,28.3,27.25,27.75,-0.4,8.0
6689,伊雲谷,1752130.0,238121944.0,139.5,142.0,130.5,130.5,-6.0,1888.0
6691,洋基工程,691673.0,193887922.0,282.0,286.0,275.5,276.5,-3.5,875.0
6695,芯鼎,672226.0,29353248.0,45.8,45.8,42.25,42.6,-3.2,478.0
6698,旭暉應材,501212.0,18162660.0,36.85,37.25,35.3,35.3,-1.8,391.0
6706,惠特,484709.0,42493821.0,87.8,89.2,86.5,87.0,-1.2,579.0
6715,嘉基,933717.0,139301421.0,151.5,153.0,146.0,146.0,-5.5,812.0
6719,力智,4140386.0,1391316205.0,348.5,350.5,328.5,330.5,-15.5,4694.0
6743,安普新,955788.0,59119330.0,62.9,64.8,60.2,60.3,-2.2,858.0
6753,龍德造船,5074694.0,617620814.0,121.0,132.0,110.0,129.0,8.0,4608.0
6754,匯僑設計,151964.0,8064328.0,54.1,54.5,52.3,52.3,-1.9,211.0
6756,威鋒電子,465678.0,98967779.0,216.0,219.5,209.0,210.0,-5.0,648.0
6768,志強-KY,587871.0,40676645.0,69.7,70.0,68.7,68.7,-1.3,496.0
6770,力積電,35049722.0,1065088092.0,30.95,30.95,30.05,30.05,-0.95,18195.0
6776,展碁國際,684308.0,35449292.0,52.8,53.0,50.9,51.8,-0.7,390.0
6781,AES-KY,499409.0,360029983.0,743.0,743.0,704.0,708.0,-26.0,1191.0
6782,視陽,1147344.0,340130833.0,306.5,307.5,290.0,291.5,-11.5,1493.0
6789,采鈺,1054458.0,242924816.0,232.5,234.5,227.0,227.0,-4.5,1230.0
6790,永豐實,2676426.0,105435252.0,38.7,40.8,38.0,38.1,-0.5,1861.0
6792,詠業,173513.0,14737431.0,86.3,86.8,83.6,83.8,-3.2,161.0
6796,晉弘,454410.0,47788457.0,109.0,109.5,102.5,102.5,-5.5,399.0
6799,來頡,8940493.0,1567603567.0,167.0,182.5,166.5,178.5,12.5,7758.0
6806,森崴能源,15073761.0,1660737395.0,114.0,114.5,107.0,109.0,-4.5,8439.0
6807,峰源-KY,56230.0,1671523.0,30.05,30.05,29.6,29.65,-0.4,35.0
6830,汎銓,1037073.0,159135080.0,152.5,157.0,149.5,151.5,4.0,957.0
6834,天二科技,50176.0,1401498.0,28.2,28.3,27.6,27.6,-0.8,38.0
6835,圓裕,82000.0,3500650.0,43.2,43.2,42.3,42.6,-0.75,70.0
6854,錼創科技-KY創,101969.0,10192265.0,102.0,102.5,98.6,98.6,-3.4,76.0
6861,睿生光電,269176.0,33292139.0,125.0,127.0,121.5,123.5,-2.0,378.0
6863,永道-KY,1315866.0,277599716.0,218.0,222.5,200.5,207.0,-8.5,1542.0
6869,雲豹能源-創,232370.0,20723768.0,90.7,91.2,87.8,88.3,-3.1,185.0
6873,泓德能源-創,165750.0,22637000.0,140.5,140.5,134.5,135.0,-5.0,131.0
8011,台通,296879.0,4443436.0,15.1,15.2,14.8,14.95,-0.1,477.0
8016,矽創,2045678.0,474123884.0,236.5,239.0,228.5,229.5,-7.0,2442.0
8021,尖點,375427.0,10915403.0,29.4,29.4,28.9,29.0,-0.3,293.0
8028,昇陽半導體,3681062.0,216033827.0,59.1,60.3,57.6,57.9,-0.7,2679.0
8033,雷虎,2597775.0,179444190.0,71.5,71.5,67.9,69.7,-4.9,1918.0
8039,台虹,262678.0,11021375.0,42.3,42.3,41.8,41.9,-0.3,157.0
8046,南電,7288606.0,1894478513.0,255.0,263.0,254.5,260.0,5.0,6321.0
8070,長華*,857382.0,29368010.0,34.6,34.75,34.05,34.05,-0.6,522.0
8072,陞泰,308219.0,8243683.0,27.2,27.4,26.3,26.55,-0.65,320.0
8081,致新,655984.0,121816192.0,188.5,191.0,182.5,184.5,-6.5,2472.0
8101,華冠,21910.0,115878.0,5.44,5.44,5.2,5.37,0.1,175.0
8103,瀚荃,335138.0,12382543.0,37.6,37.95,36.5,36.5,-1.1,274.0
8104,錸寶,719033.0,30399091.0,43.55,43.6,41.5,41.55,-1.85,593.0
8105,凌巨,3393302.0,48057913.0,14.25,14.4,14.0,14.05,-0.15,1255.0
8110,華東,2032878.0,27394604.0,13.7,13.8,13.3,13.35,-0.35,795.0
8112,至上,2573979.0,112437354.0,44.25,44.3,43.4,43.45,-0.8,1874.0
8112A,至上甲特,5556.0,234362.0,42.2,42.2,42.2,42.2,0.0,6.0
8114,振樺電,390035.0,41675872.0,108.0,108.0,106.0,106.5,-1.0,409.0
8131,福懋科,513222.0,22182394.0,43.5,43.5,42.9,43.3,-0.3,434.0
8150,南茂,1828763.0,68828113.0,38.15,38.45,37.3,37.3,-0.75,1205.0
8163,達方,1255214.0,54696123.0,44.35,44.45,43.05,43.2,-1.15,810.0
8201,無敵,665721.0,9106758.0,13.45,14.2,13.2,13.3,0.2,391.0
8210,勤誠,1339993.0,109524042.0,83.8,83.9,80.7,80.9,-2.4,1298.0
8213,志超,581665.0,23708657.0,41.35,41.45,40.4,40.4,-0.95,552.0
8215,明基材,4025516.0,157043995.0,39.9,40.3,38.25,38.6,-1.1,2525.0
8222,寶一,27914438.0,1486548426.0,53.0,55.4,51.1,52.5,-1.5,15183.0
8249,菱光,443721.0,13494477.0,31.25,31.5,29.95,30.0,-1.0,350.0
8261,富鼎,2121566.0,227323005.0,110.0,110.5,105.0,105.5,-4.0,1774.0
8271,宇瞻,1214747.0,63485841.0,53.0,53.7,51.3,51.4,-1.6,1048.0
8341,日友,1052799.0,167464749.0,166.5,166.5,154.0,157.5,-8.0,2183.0
8367,建新國際,38061.0,1854025.0,48.9,49.0,48.5,48.7,-0.2,35.0
8374,羅昇,170456.0,5474929.0,33.0,33.0,31.55,31.9,-0.8,110.0
8404,百和興業-KY,223747.0,5835886.0,26.45,26.45,25.95,25.95,-0.4,142.0
8411,福貞-KY,164824.0,2442352.0,14.8,14.9,14.75,14.9,0.0,107.0
8422,可寧衛,194538.0,36127687.0,186.5,187.0,185.0,185.5,-0.5,486.0
8429,金麗-KY,235548.0,2450834.0,10.5,10.55,10.3,10.35,-0.1,347.0
8438,昶昕,66000.0,1616350.0,24.65,24.65,24.2,24.4,-0.3,33.0
8442,威宏-KY,369403.0,28135624.0,78.8,78.9,74.9,76.2,-2.3,255.0
8443,阿瘦,686286.0,7959087.0,11.7,11.7,11.5,11.6,-0.15,223.0
8454,富邦媒,341588.0,289235381.0,853.0,869.0,837.0,841.0,-14.0,1227.0
8462,柏文,130346.0,19450058.0,153.5,153.5,147.0,147.0,-3.0,301.0
8463,潤泰材,81367.0,2013423.0,25.05,25.15,24.5,24.55,-0.5,97.0
8464,億豐,448120.0,146397477.0,331.0,331.0,325.5,325.5,-2.0,133.0
8466,美吉吉-KY,25000.0,1077350.0,43.15,43.6,42.9,43.0,-0.4,21.0
8467,波力-KY,44035.0,2652207.0,60.4,61.2,60.0,60.0,-0.9,42.0
8473,山林水,110521.0,3259500.0,29.7,29.75,29.25,29.25,-0.5,96.0
8478,東哥遊艇,4676648.0,2075998363.0,464.0,464.0,423.0,437.0,-10.5,5223.0
8481,政伸,16259.0,934725.0,58.1,58.1,57.0,57.7,-0.5,20.0
8482,商億-KY,20105.0,1524589.0,75.5,76.8,75.5,75.6,-1.2,28.0
8488,吉源-KY,7000.0,110750.0,15.65,15.9,15.65,15.9,0.0,7.0
8499,鼎炫-KY,105298.0,11171814.0,108.5,109.0,105.0,105.0,-4.0,92.0
8926,台汽電,7794755.0,382857320.0,48.75,50.5,48.2,48.35,-0.2,4591.0
8940,新天地,1193509.0,28486401.0,25.0,25.0,23.0,23.9,-1.15,805.0
8996,高力,6603564.0,1358196198.0,210.0,213.5,200.0,201.5,-8.5,4529.0
9103,美德醫療-DR,973905.0,6626771.0,6.89,6.94,6.76,6.76,-0.15,360.0
910322,康師傅-DR,6400.0,168040.0,26.2,26.35,26.1,26.1,-0.5,8.0
9105,泰金寶-DR,714130.0,2774584.0,3.9,3.9,3.87,3.87,-0.04,172.0
910861,神州-DR,888000.0,6005110.0,6.83,6.83,6.74,6.74,-0.1,41.0
9110,越南控-DR,593000.0,2663460.0,4.4,4.59,4.36,4.52,0.1,136.0
911608,明輝-DR,282218.0,821384.0,3.02,3.04,2.74,2.94,-0.07,114.0
911622,泰聚亨-DR,6000.0,30340.0,5.03,5.11,5.03,5.11,0.0,5.0
911868,同方友友-DR,698000.0,835860.0,1.22,1.23,1.17,1.19,-0.03,152.0
912000,晨訊科-DR,1106000.0,2398170.0,2.21,2.22,2.14,2.14,-0.07,195.0
9136,巨騰-DR,705000.0,4486980.0,6.32,6.45,6.27,6.45,0.13,185.0
9802,鈺齊-KY,1104882.0,140341382.0,128.5,129.0,126.0,126.0,-1.5,1056.0
9902,台火,7320600.0,98780779.0,12.45,13.65,12.45,13.65,1.2,1942.0
9904,寶成,9260823.0,291234770.0,31.3,31.7,31.1,31.4,0.3,4783.0
9905,大華,52242.0,1315303.0,25.25,25.25,25.15,25.2,-0.05,38.0
9906,欣巴巴,9059.0,450589.0,50.3,50.4,49.2,49.4,-0.25,12.0
9907,統一實,6695356.0,136995545.0,20.45,20.65,20.2,20.45,0.0,1971.0
9908,大台北,56847.0,1800290.0,31.65,31.75,31.6,31.65,-0.05,83.0
9910,豐泰,521800.0,97353697.0,187.0,188.0,185.0,187.0,-0.5,608.0
9911,櫻花,183684.0,11664203.0,63.9,63.9,63.2,63.6,-0.3,319.0
9912,偉聯,59314.0,591695.0,9.99,10.0,9.95,10.0,0.0,132.0
9914,美利達,343378.0,57588625.0,169.0,169.0,166.5,168.0,0.0,712.0
9917,中保科,852416.0,90094227.0,106.0,107.0,104.5,106.0,-0.5,737.0
9918,欣天然,8012.0,331297.0,41.4,41.4,41.3,41.3,-0.1,11.0
9919,康那香,2389994.0,42736341.0,18.1,18.25,17.45,17.5,-0.5,672.0
9921,巨大,1451589.0,265089971.0,185.5,186.5,181.0,182.0,-3.5,1811.0
9924,福興,254513.0,11019964.0,43.7,43.7,43.15,43.15,-0.5,197.0
9925,新保,136153.0,5557714.0,40.85,40.9,40.75,40.85,0.05,96.0
9926,新海,26145.0,1353319.0,51.8,51.9,51.7,51.9,0.2,10.0
9927,泰銘,329592.0,14379131.0,43.65,44.2,43.2,43.75,0.1,291.0
9928,中視,125561.0,2296412.0,18.65,18.65,18.2,18.2,-0.4,81.0
9929,秋雨,48668.0,436605.0,9.0,9.0,8.95,8.95,0.03,20.0
9930,中聯資源,174539.0,8538170.0,49.1,49.1,48.6,48.8,-0.45,239.0
9931,欣高,5000.0,198500.0,39.75,39.75,39.6,39.75,-0.5,5.0
9933,中鼎,1493094.0,62718516.0,42.15,42.3,41.8,41.85,-0.4,1173.0
9934,成霖,797947.0,10771702.0,13.45,13.6,13.45,13.55,0.05,274.0
9935,慶豐富,195003.0,3804007.0,19.6,19.85,19.35,19.6,0.0,117.0
9937,全國,49234.0,2931872.0,59.7,59.8,59.5,59.6,-0.1,43.0
9938,百和,995428.0,56056784.0,57.2,57.2,55.8,56.0,-1.1,952.0
9939,宏全,976447.0,96290515.0,98.7,99.6,97.5,98.5,-0.2,1041.0
9940,信義,204114.0,5857895.0,28.8,28.85,28.55,28.65,-0.1,163.0
9941,裕融,903572.0,166199151.0,186.0,187.0,182.0,182.5,-3.5,1968.0
9941A,裕融甲特,21000.0,1061000.0,50.5,50.6,50.5,50.5,0.0,12.0
9942,茂順,762320.0,103999277.0,137.5,140.0,134.5,136.0,-1.5,638.0
9943,好樂迪,94735.0,6320968.0,66.8,67.0,66.3,66.5,-0.4,105.0
9944,新麗,48598.0,986936.0,20.3,20.35,20.3,20.3,0.0,85.0
9945,潤泰新,4710682.0,165420805.0,35.05,35.35,35.0,35.15,0.1,2685.0
9946,三發地產,1187604.0,16961328.0,14.1,14.6,14.05,14.35,0.4,533.0
9955,佳龍,755862.0,18984500.0,25.3,25.65,24.8,24.9,-0.35,466.0
9958,世紀鋼,13145955.0,1519715917.0,116.5,118.0,113.0,115.0,0.5,6213.0
