日期,成交股數,成交金額,開盤價,最高價,最低價,收盤價,漲跌價差,成交筆數,filter,rsv,k,d,5MA,10MA,20MA
111/03/01,68851401.0,19639489346.0,279.5,299.5,279.5,299.5,+27.00,44024.0,False,,,,,,
111/03/02,68348216.0,20640629486.0,297.0,327.5,292.0,307.0,+7.50,47974.0,False,,,,,,
111/03/03,81258663.0,25747914135.0,309.0,328.0,309.0,312.0,+5.00,57559.0,False,,,,,,
111/03/04,42268974.0,12590839465.0,301.0,305.0,288.0,288.0,-24.00,34392.0,False,,,,,,
111/03/07,51906019.0,14748253831.0,285.5,291.5,275.5,287.5,-0.50,41737.0,False,,,,,,
111/03/08,60865775.0,17432498234.0,287.5,296.5,271.5,273.5,-14.00,49693.0,False,,,,,,
111/03/09,62527268.0,17862969383.0,290.0,296.5,274.0,275.0,+1.50,47949.0,False,,,,,,
111/03/10,57087968.0,16263221897.0,287.0,294.0,277.0,281.0,+6.00,44657.0,False,,,,,,
111/03/11,28577261.0,8053235638.0,281.5,287.0,277.5,287.0,+6.00,27222.0,False,0.2743362831858407,0.4247787610619469,0.4749262536873156,,,
111/03/14,35418894.0,10285987864.0,290.5,295.0,285.5,286.0,-1.00,24968.0,False,0.2566371681415929,0.3687315634218289,0.43952802359882,,,
111/03/15,46128758.0,12521978269.0,288.5,290.0,258.5,260.5,-25.50,37787.0,False,0.02877697841726619,0.255413368420308,0.3781564718726493,,,
111/03/16,39029155.0,10190818913.0,267.5,270.5,254.5,255.0,-5.50,28538.0,False,0.0099009900990099,0.1735759089798753,0.3099629509083913,,,
111/03/17,44459534.0,12126647972.0,267.5,280.0,263.5,275.0,+20.00,35601.0,False,0.4880952380952381,0.27841568535166283,0.2994471957228151,,,
111/03/18,29800087.0,8142601528.0,276.5,278.0,267.5,273.0,-2.00,27151.0,False,0.4404761904761905,0.33243585372650536,0.3104434150573785,,,
111/03/21,19397674.0,5404467108.0,275.0,284.5,273.5,274.5,+1.50,17463.0,False,0.4761904761904762,0.3803540612144956,0.33374696377641755,,,
111/03/22,26168472.0,7472690354.0,278.0,292.0,278.0,282.0,+7.50,32124.0,False,0.6790123456790124,0.4799068227026678,0.3824669167518343,,,
111/03/23,26188145.0,7655085861.0,289.0,300.0,282.0,284.0,+2.00,30649.0,False,0.6483516483516484,0.5360550979189946,0.43366297714088775,,,
111/03/24,17366541.0,4983946417.0,285.0,292.0,281.0,287.5,+3.50,26177.0,False,0.7252747252747253,0.5991283070375715,0.48881808710644903,,,
111/03/25,22754692.0,6700206769.0,294.5,297.5,289.0,296.0,+8.50,17807.0,False,0.912087912087912,0.7034481753876849,0.560361449866861,,,
111/03/28,36704086.0,10995691572.0,292.5,312.0,288.5,311.0,+15.00,30731.0,False,0.982608695652174,0.7965016821425146,0.6390748606254122,,,
111/03/29,56233173.0,17865752464.0,314.5,324.5,311.0,322.5,+11.50,40109.0,False,0.9672131147540984,0.8534054930130424,0.7105184047546222,,,
111/03/30,45704800.0,14745347095.0,326.5,331.5,311.5,312.5,-10.00,37895.0,False,0.703125,0.8033119953420282,0.7414496016170908,,,
111/03/31,24417637.0,7574595751.0,314.5,317.5,303.0,305.5,-7.00,21480.0,False,0.5517241379310345,0.7194493762050302,0.734116193146404,,,
111/04/01,26291430.0,7969737047.0,300.0,312.5,294.5,312.0,+6.50,18742.0,False,0.6355140186915887,0.6914709237005496,0.7199011033311191,,,
111/04/06,30319157.0,9479004405.0,305.0,319.0,302.5,317.0,+5.00,23528.0,False,0.7128712871287128,0.698604378176604,0.7128021949462807,,,
111/04/07,36825312.0,11351709642.0,315.5,319.5,295.0,296.0,-21.00,33588.0,False,0.297029702970297,0.5647461531078349,0.6634501810001321,,,
111/04/08,39821880.0,11934108290.0,300.0,305.5,292.0,301.5,+5.50,38267.0,False,0.3023255813953488,0.477272629203673,0.6013909970679789,,,
111/04/11,33043725.0,9586156435.0,301.5,301.5,281.0,281.0,-20.50,36582.0,False,0.0,0.31818175280244865,0.5069879156461355,,,
111/04/12,37569164.0,10609252750.0,280.0,289.0,275.0,281.5,+0.50,25823.0,False,0.11504424778761065,0.2504692511308361,0.4214816941410357,,,
111/04/13,24571425.0,7041726814.0,287.0,290.0,282.0,289.5,+8.00,23101.0,False,0.2566371681415929,0.2525252234677549,0.36516287058327535,,,
111/04/14,26453909.0,7514357731.0,291.0,292.5,279.0,281.5,-8.00,21902.0,False,0.14606741573033707,0.2170392875552823,0.31578834290727764,,,
111/04/15,36414114.0,9613985284.0,270.5,272.5,258.0,265.5,-16.00,31615.0,False,0.12195121951219512,0.1853432648742533,0.2723066502296028,,,
111/04/18,28175095.0,7478412502.0,260.0,272.5,255.5,272.5,+7.00,20474.0,False,0.265625,0.21210384324950216,0.2522390479029026,,,
111/04/19,20916872.0,5718793800.0,277.0,278.0,268.0,268.5,-4.00,15378.0,False,0.203125,0.2091108954996681,0.2378629971018244,,,
111/04/20,21925581.0,5960207552.0,271.0,276.5,265.0,276.5,+8.00,15262.0,False,0.42,0.2794072636664454,0.2517110859566981,,,
111/04/21,18402760.0,5078923673.0,275.5,280.5,272.0,275.0,-1.50,13387.0,False,0.4239130434782609,0.3275758569370505,0.2769993429501489,,,
111/04/22,19934542.0,5286585303.0,268.0,269.0,262.0,267.5,-7.50,20039.0,False,0.32432432432432434,0.3264920127328085,0.29349689954436875,,,
111/04/25,28348537.0,7125587159.0,253.5,258.5,246.5,248.5,-19.00,25679.0,False,0.043478260869565216,0.2321540954450607,0.2730492981779327,,,
111/04/26,22707295.0,5615582895.0,254.0,255.0,242.0,242.5,-6.00,25041.0,False,0.0099009900990099,0.1580697269963771,0.2347227744507475,,,
111/04/27,37149312.0,9028048169.0,232.0,254.0,228.5,252.5,+10.00,30551.0,False,0.4615384615384616,0.2592259718437386,0.24289050691507785,,,
111/04/28,32144453.0,8229543251.0,252.0,263.5,246.5,260.0,+7.50,29136.0,False,0.6057692307692307,0.3747403914855693,0.28684046843857497,,,
111/04/29,25053347.0,6601428391.0,268.0,269.5,258.5,260.5,+0.50,27059.0,False,0.6153846153846154,0.4549551327852513,0.34287868988746706,,,
111/05/03,19293298.0,5113212631.0,263.5,268.0,261.0,264.5,+4.00,14077.0,False,0.6923076923076923,0.5340726526260651,0.4066100108003329,,,
111/05/04,17595167.0,4662295073.0,267.0,269.0,262.0,262.5,-2.00,13442.0,False,0.6538461538461539,0.5739971530327612,0.462405724877809,,,
111/05/05,38932422.0,10888398949.0,270.0,286.5,269.5,286.0,+23.50,32754.0,False,0.9913793103448276,0.7131245388034501,0.5459786628530227,,,
111/05/06,26291508.0,7225385484.0,274.5,279.5,272.0,272.0,-14.00,38537.0,False,0.75,0.7254163592023,0.6057912283027818,,,
111/05/09,27900293.0,7142607040.0,269.0,269.5,245.5,246.5,-25.50,25349.0,False,0.3103448275862069,0.5870591819969356,0.5995472128674997,,,
111/05/10,34535970.0,8493102400.0,235.0,256.5,235.0,255.0,+8.50,33414.0,False,0.456896551724138,0.5436716385726696,0.5809220214358897,,,
111/05/11,32381465.0,8161850091.0,253.0,258.5,244.0,257.5,+2.50,30462.0,False,0.4368932038834951,0.5080788270096115,0.5566409566271302,,,
111/05/12,35753519.0,9163873972.0,251.0,263.0,251.0,254.5,-3.00,26073.0,False,0.3786407766990291,0.4649328102394174,0.5260715744978925,,,
111/05/13,30343581.0,7922361429.0,261.5,264.5,257.0,257.0,+2.50,22544.0,False,0.4271844660194175,0.4523500288327506,0.5014977259428453,,,
111/05/16,32970894.0,8688873852.0,267.0,273.0,251.0,252.5,-4.50,24458.0,False,0.3398058252427185,0.4148352943027399,0.4726102487294768,,,
111/05/17,26695823.0,6756570681.0,255.0,256.0,249.0,255.0,+2.50,21893.0,False,0.3883495145631068,0.4060067010561955,0.4504090661717163,,,
111/05/18,41211789.0,10939906450.0,260.0,271.0,259.0,268.0,+13.00,32070.0,False,0.7415730337078652,0.5178621452734187,0.4728934258722838,,,
111/05/19,28480615.0,7523290394.0,259.0,269.5,257.0,269.5,+1.50,21739.0,False,0.9078947368421052,0.6478730091296475,0.5312199536247384,,,
111/05/20,24400365.0,6581618388.0,272.0,274.5,266.5,269.5, 0.00,16948.0,False,0.8734177215189873,0.7230545799260941,0.5951648290585236,,,
111/05/23,34253862.0,9194846872.0,273.0,279.0,257.5,257.5,-12.00,35186.0,False,0.3857142857142857,0.6106078151888246,0.6003124911019573,,,
111/05/24,25757507.0,6530763717.0,260.0,260.0,247.0,250.0,-7.50,20174.0,False,0.09375,0.4383218767925497,0.5463156196654881,,,
111/05/25,20005998.0,5066661415.0,255.0,257.0,249.0,255.0,+5.00,15039.0,False,0.25,0.3755479178616998,0.4893930523975587,,,
111/05/26,27655607.0,6827300625.0,255.0,257.0,238.0,238.5,-16.50,24705.0,False,0.012195121951219513,0.254430319224873,0.4110721413399968,,,
111/05/27,33281374.0,7952275573.0,244.5,244.5,231.0,231.0,-7.50,24075.0,False,0.0,0.16962021281658202,0.3305881651655252,,,
111/05/30,23456873.0,5615915972.0,235.0,242.5,233.0,242.0,+11.00,16142.0,False,0.22916666666666666,0.1894690307666102,0.2835484536992202,,,
111/05/31,19266740.0,4576250255.0,240.0,241.0,234.0,240.5,-1.50,20918.0,False,0.19791666666666666,0.19228490939996234,0.25312727226613424,,,
111/06/01,29304293.0,7092747286.0,238.5,248.0,237.0,238.0,-2.50,20349.0,False,0.14583333333333334,0.17680105071108598,0.2276851984144515,,,
111/06/02,29824978.0,6864632568.0,235.0,238.5,224.5,226.0,-12.00,25024.0,False,0.027522935779816515,0.1270416790673295,0.19413735863207748,,,
111/06/06,26984691.0,6140847671.0,226.0,232.0,222.5,231.5,+5.50,28584.0,False,0.24,0.16469445271155295,0.1843230566585693,,,
111/06/07,16416454.0,3727809478.0,228.0,230.0,223.5,228.5,-3.00,20076.0,False,0.17391304347826084,0.1677673163004556,0.17880447653919807,,,
111/06/08,25309867.0,5770837647.0,234.0,235.0,222.5,222.5,-6.00,19203.0,False,0.0,0.11184487753363706,0.15648461020401105,,,
111/06/09,16760628.0,3742227516.0,221.0,226.0,220.0,224.0,+1.50,12170.0,False,0.14285714285714285,0.12218229930813898,0.14505050657205368,,,
111/06/10,20296659.0,4490889845.0,220.5,225.5,216.5,225.5,+1.50,15310.0,False,0.2857142857142857,0.1766929614435212,0.1555979915292095,,,
111/06/13,15013927.0,3328860983.0,219.0,227.0,217.5,226.0,+0.50,12275.0,False,0.3015873015873016,0.21832440815811466,0.17650679707217787,,,
111/06/14,20819017.0,4667307243.0,225.5,227.5,218.5,225.5,-0.50,15236.0,False,0.2857142857142857,0.2407877006768384,0.197933764940398,,,
111/06/15,35693420.0,8260912002.0,224.5,235.5,223.5,228.5,+3.00,28865.0,False,0.5454545454545454,0.3423433156027407,0.24607028182784554,,,
111/06/16,27706094.0,6287704653.0,235.0,236.0,214.5,214.5,-14.00,32283.0,False,0.0,0.22822887706849376,0.2401231469080616,,,
111/06/17,33668869.0,7070701465.0,209.5,216.5,204.0,209.0,-5.50,30084.0,False,0.15625,0.2042359180456625,0.2281607372872619,,,
111/06/20,21863579.0,4501976515.0,210.5,211.5,201.0,201.5,-7.50,27691.0,False,0.014285714285714284,0.14091918345901308,0.19908021934451225,,,
111/06/21,21799650.0,4454312270.0,206.0,209.0,199.0,207.0,+5.50,19990.0,False,0.21621621621621626,0.1660181943780808,0.1880595443557017,,,
111/06/22,29064013.0,5656243521.0,206.0,206.5,186.5,186.5,-20.50,36658.0,False,0.0,0.11067879625205386,0.16226596165448576,,,
111/06/23,43580080.0,8226352607.0,189.0,195.0,182.5,190.0,+3.50,36584.0,False,0.14018691588785046,0.12051483613065272,0.14834891981320808,,,
111/06/24,28435510.0,5372558874.0,190.0,193.0,186.0,187.5,-2.50,23392.0,False,0.09345794392523364,0.11149587206217967,0.13606457056286528,,,
111/06/27,27788283.0,5508189545.0,191.5,203.5,191.5,198.0,+10.50,24245.0,False,0.2897196261682243,0.17090379009752787,0.14767764374108613,,,
111/06/28,29002375.0,5488624884.0,198.5,199.0,183.0,190.0,-8.00,34488.0,False,0.14018691588785046,0.16066483202763535,0.1520067065032692,,,
111/06/29,25935771.0,4978083657.0,185.0,196.0,184.5,194.5,+4.50,21575.0,False,0.35294117647058826,0.224756946841953,0.1762567866161638,,,
111/06/30,26886051.0,5051969542.0,191.0,191.5,184.0,191.0,-3.50,22132.0,False,0.29310344827586204,0.2475391139865893,0.20001756240630564,,,
111/07/01,37359186.0,6762734084.0,189.5,193.0,172.0,172.0,-19.00,33951.0,False,0.0,0.16502607599105956,0.1883537336012236,,,
111/07/04,31210962.0,5347819608.0,172.0,175.0,166.5,172.5,+0.50,22362.0,False,0.15,0.1600173839940397,0.17890828373216228,,,
111/07/05,33742947.0,5800645526.0,177.5,180.5,163.5,174.0,+1.50,26615.0,False,0.2625,0.19417825599602645,0.1839982744867837,,,
111/07/06,38015725.0,6326674585.0,172.0,176.0,158.0,160.5,-13.50,34856.0,False,0.054945054945054944,0.14776718897903593,0.17192124598420108,,,
111/07/07,47973446.0,8006546553.0,163.5,176.5,157.0,174.0,+13.50,33377.0,False,0.3655913978494624,0.2203752586025114,0.18807258352363784,,,
111/07/08,61937558.0,10504397595.0,174.0,175.5,162.5,165.0,-9.00,52308.0,False,0.19047619047619047,0.2104089025604044,0.19551802320255998,,,
111/07/11,15944249.0,2651430662.0,168.0,170.5,162.0,162.0,-3.00,12083.0,False,0.1282051282051282,0.18300764444197887,0.19134789694903293,,,
111/07/12,13533273.0,2110879233.0,160.0,162.5,150.0,150.0,-12.00,8846.0,False,0.0,0.12200509629465266,0.16823363006423953,,,
111/07/13,22760271.0,3496011279.0,158.5,162.0,146.5,146.5,-3.50,13952.0,False,0.0,0.08133673086310175,0.1392679969971936,,,
111/07/14,28242732.0,4209487693.0,144.5,154.5,143.5,150.0,X0.00,15755.0,False,0.17567567567567569,0.1127830458006264,0.13043967993167122,,,
111/07/15,19218860.0,2937054158.0,151.0,157.0,148.5,152.5,+2.50,15588.0,False,0.2432432432432433,0.15626977828149868,0.13904971271494704,,,
111/07/18,37356632.0,5947483545.0,154.5,164.0,154.0,158.0,+5.50,24941.0,False,0.4393939393939394,0.25064449865231225,0.17624797469406878,,,
111/07/19,28621223.0,4492292630.0,156.0,162.0,153.0,154.0,-4.00,18411.0,False,0.3181818181818182,0.27315693849548084,0.2085509626278728,,,
111/07/20,41676440.0,6756045047.0,160.5,165.5,159.0,163.0,+9.00,26912.0,False,0.609375,0.3852296256636539,0.26744385030646645,,,
111/07/21,53989213.0,9251725294.0,165.0,179.0,163.5,179.0,+16.00,34269.0,False,1.0,0.5901530837757691,0.375013594796234,,,
111/07/22,67281360.0,12357214225.0,183.0,189.5,179.0,180.5,+1.50,54348.0,False,0.8043478260869565,0.6615513312128316,0.4705261736017665,,,
111/07/25,35724105.0,6406230172.0,180.0,183.0,175.0,181.5,+1.00,30184.0,False,0.8260869565217391,0.7163965396491341,0.5524829622842222,,,
111/07/26,28804845.0,5161469740.0,180.0,182.0,177.0,177.5,-4.00,22195.0,False,0.7391304347826086,0.7239745046936256,0.6096468097540233,,,
111/07/27,73941190.0,12364483724.0,178.0,178.0,160.5,163.0,-14.50,54890.0,False,0.35365853658536583,0.600535848657539,0.6066098227218618,,,
111/07/28,58304101.0,9322618909.0,165.5,166.5,155.5,155.5,-7.50,39776.0,False,0.0684931506849315,0.4231882826666698,0.545469309370131,,,
111/07/29,32930104.0,5197093981.0,158.5,161.5,155.0,156.0,+0.50,24902.0,False,0.0821917808219178,0.30952278205175243,0.4668204669306715,,,
111/08/01,30218717.0,4658960143.0,156.0,157.5,152.0,153.0,-3.00,18171.0,False,0.02666666666666667,0.21523741025672385,0.3829594480393556,,,
111/08/02,30195074.0,4517517474.0,149.5,152.5,147.0,151.5,-1.50,17806.0,False,0.10588235294117647,0.17878572448487468,0.3149015401878619,,,
111/08/03,23006230.0,3461316814.0,150.5,153.0,148.5,148.5,-3.00,15091.0,False,0.035294117647058816,0.13095518887226934,0.25358608974933106,,,
111/08/04,29433240.0,4340078192.0,148.5,150.5,143.0,149.0,+0.50,17515.0,False,0.15,0.13730345924817958,0.2148252129156139,,,
111/08/05,30158799.0,4731335311.0,152.0,159.5,151.5,159.5,+10.50,18151.0,False,0.4230769230769231,0.2325612805244274,0.22073723545188506,,,
111/08/08,24946643.0,3891142714.0,158.0,158.5,154.0,154.5,-5.00,19057.0,False,0.32857142857142857,0.2645646632067611,0.2353463780368437,,,
111/08/09,20130123.0,3095608058.0,154.5,156.0,151.0,154.5, 0.00,11895.0,False,0.4893617021276596,0.3394970095137272,0.2700632551958049,,,
111/08/10,16957858.0,2543783022.0,151.5,151.5,149.0,149.0,-5.50,14195.0,False,0.32432432432432434,0.3344394477839262,0.291521986058512,,,
111/08/11,21270838.0,3303587779.0,154.0,156.5,153.5,155.0,+6.00,12781.0,False,0.7272727272727273,0.4653838742801932,0.3494759487990724,,,
111/08/12,49274711.0,8106976335.0,155.0,170.5,153.5,170.5,+15.50,33322.0,False,1.0,0.6435892495201287,0.4475137157060912,,,
111/08/15,59946116.0,10573163520.0,174.5,179.0,173.5,178.0,+7.50,36772.0,False,0.9722222222222222,0.7531335737541599,0.5493870017221141,,,
111/08/16,33239500.0,5892222439.0,178.0,180.5,174.0,175.5,-2.50,27197.0,False,0.8666666666666667,0.7909779380583287,0.6299173138341856,,,
111/08/17,25317670.0,4469754144.0,177.5,179.5,173.0,175.5, 0.00,15988.0,False,0.8412698412698413,0.8077419057954995,0.6891921778212902,,,
111/08/18,60229719.0,11043490259.0,173.5,193.0,171.0,189.0,+13.50,44426.0,False,0.9090909090909092,0.8415249068939693,0.7399697541788498,,,
111/08/19,53338175.0,10329594299.0,189.5,198.5,189.0,189.5,+0.50,45816.0,False,0.8181818181818182,0.8337438773232522,0.7712277952269839,,,
111/08/22,30718904.0,5853561617.0,188.0,194.5,186.0,186.0,-3.50,21860.0,False,0.7474747474747475,0.8049875007070839,0.7824810303870172,,,
111/08/23,32960462.0,6146518760.0,184.0,191.0,182.0,190.5,+4.50,20970.0,False,0.8222222222222222,0.8107324078787966,0.7918981562176103,,,
111/08/24,31567651.0,5972823715.0,191.0,193.0,186.0,186.0,-4.50,20191.0,False,0.7222222222222222,0.7812290126599384,0.7883417750317196,,,
111/08/25,41802380.0,8165775888.0,190.5,198.0,190.5,195.0,+9.00,27239.0,False,0.8727272727272727,0.8117284326823831,0.7961373275819408,,,
111/08/26,41315040.0,8168863668.0,200.0,203.5,191.0,191.0,-4.00,28985.0,False,0.6153846153846154,0.7462804935831271,0.7795183829156694,,,
111/08/29,32901326.0,6105275009.0,180.0,190.0,179.0,190.0,-1.00,21781.0,False,0.5846153846153846,0.6923921239272129,0.7504762965861841,,,
111/08/30,26347495.0,5002037980.0,192.0,192.5,187.0,188.5,-1.50,17688.0,False,0.5384615384615384,0.6410819287719879,0.7140115073147852,,,
111/08/31,18078603.0,3405315828.0,187.5,191.0,186.0,187.0,-1.50,11861.0,False,0.32653061224489793,0.5362314899296247,0.6547515015197316,,,
111/09/01,20996375.0,3842983705.0,186.0,187.0,180.0,181.0,-6.00,14463.0,False,0.08163265306122447,0.3846985443068245,0.5647338491154292,,,
111/09/02,32016848.0,5998418854.0,184.5,191.0,183.0,188.0,+7.00,21480.0,False,0.3673469387755102,0.3789146757963864,0.5027941246757482,,,
111/09/05,21939814.0,4027833067.0,189.0,190.5,179.5,179.5,-8.50,15056.0,False,0.020408163265306117,0.25941250495269297,0.4216669181013965,,,
111/09/06,26571904.0,4711447572.0,183.5,185.0,172.5,175.5,-4.00,18492.0,False,0.0967741935483871,0.205199734484591,0.3495111902291279,,,
111/09/07,22984163.0,4025997746.0,172.0,179.0,170.5,176.0,+0.50,15400.0,False,0.16666666666666666,0.19235537854528287,0.2971259196678462,,,
111/09/08,27357663.0,4786647529.0,176.5,178.5,172.5,175.5,-0.50,17788.0,False,0.2272727272727273,0.20399449478776432,0.2660821113744856,,,
111/09/12,21412829.0,3792427182.0,179.5,180.5,173.0,173.0,-2.50,12659.0,False,0.11363636363636365,0.1738751177372974,0.23534644682875616,,,
111/09/13,18478515.0,3252598394.0,175.0,179.0,173.0,176.0,+3.00,12123.0,False,0.2682926829268293,0.20534763946714127,0.22534684437488456,,,
111/09/14,19466303.0,3298285081.0,166.5,171.5,166.0,169.5,-6.50,12484.0,False,0.14,0.18356509297809426,0.21141959390928766,,,
111/09/15,27184818.0,4488353498.0,169.5,171.0,159.5,161.0,-8.50,18537.0,False,0.047619047619047616,0.13824974452507868,0.18702964411455145,,,
111/09/16,42023586.0,6560804501.0,157.0,160.5,152.5,153.5,-7.50,24964.0,False,0.02631578947368421,0.10093842617461384,0.15833257146790555,,,
111/09/19,16883870.0,2598928438.0,154.5,155.5,152.5,152.5,-1.00,10427.0,False,0.0,0.06729228411640922,0.12798580901740678,,,
111/09/20,18397087.0,2810094480.0,155.5,155.5,150.5,152.0,-0.50,11069.0,False,0.05,0.061528189410939474,0.10583326914858436,,,
111/09/21,13373667.0,2037762529.0,152.0,154.0,150.5,152.5,+0.50,7986.0,False,0.06666666666666668,0.06324101516284852,0.09163585115333904,,,
111/09/22,23731938.0,3592826524.0,150.5,156.0,147.0,156.0,+3.50,13637.0,False,0.26865671641791045,0.1317129155812025,0.10499487262929352,,,
111/09/23,37192874.0,5556216828.0,154.0,157.0,144.0,145.5,-10.50,22694.0,False,0.042857142857142864,0.1020943246731826,0.10402802331058987,,,
111/09/26,36644212.0,5098932266.0,142.5,145.5,135.5,136.0,-9.50,19284.0,False,0.013888888888888888,0.0726925127450847,0.09358285312208814,,,
111/09/27,35215164.0,4751579980.0,138.0,139.5,131.5,134.5,-1.50,19564.0,False,0.0759493670886076,0.07377813085959233,0.08698127903458952,,,
111/09/28,35862169.0,4686982217.0,135.0,136.0,127.5,127.5,-7.00,18750.0,False,0.0,0.04918542057306155,0.07438265954741352,,,
111/09/29,33446137.0,4328434794.0,132.5,133.5,125.0,127.0,-0.50,17829.0,False,0.0625,0.05362361371537437,0.06746297760340048,,,
111/09/30,42779813.0,5597538993.0,124.0,138.5,123.5,134.0,+7.00,23184.0,False,0.31343283582089554,0.14022668775054808,0.09171754765244967,,,
111/10/03,38379777.0,5219100922.0,131.0,140.0,131.0,135.5,+1.50,22981.0,False,0.3582089552238806,0.21288744357499226,0.13210751295996384,,,
111/10/04,27983001.0,3867215341.0,142.0,142.5,135.5,137.5,+2.00,16542.0,False,0.41791044776119396,0.2812284449703928,0.1818144902967735,,,
111/10/05,32915322.0,4547070593.0,140.5,143.0,133.5,133.5,-4.00,19578.0,False,0.29850746268656714,0.2869881175424509,0.2168723660453326,,,
111/10/06,32824318.0,4517146380.0,135.5,141.0,135.0,140.0,+6.50,19040.0,False,0.75,0.4413254116949673,0.2916900479285441,,,
111/10/07,26895153.0,3698754126.0,138.0,140.5,135.0,136.5,-3.50,15313.0,False,0.6666666666666666,0.5164391633522003,0.3666064197364295,,,
111/10/11,29383622.0,3759826103.0,130.5,132.0,123.5,127.0,-9.50,15790.0,False,0.1794871794871795,0.4041218353971934,0.3791115582900174,,,
111/10/12,39558505.0,4853508546.0,127.5,128.0,118.5,122.0,-5.00,21915.0,False,0.14285714285714285,0.31703360455050983,0.3584189070435149,,,
111/10/13,34466522.0,4230934739.0,124.5,126.0,118.5,118.5,-3.50,18427.0,False,0.0,0.21135573636700647,0.3093978501513454,,,
111/10/14,34324503.0,4345947657.0,125.0,130.0,122.0,130.0,+11.50,16145.0,False,0.4693877551020408,0.29736640927868463,0.30538736986045845,,,
111/10/17,39053035.0,5016758510.0,127.0,132.5,125.0,131.5,+1.50,21168.0,False,0.5306122448979592,0.37511502115177614,0.3286299202908977,,,
111/10/18,35177622.0,4597246946.0,135.0,135.5,127.0,130.5,-1.00,20094.0,False,0.4897959183673469,0.4133419868902997,0.3568672758240317,,,
111/10/19,32749828.0,4250478487.0,130.5,134.0,125.0,125.0,-5.50,19087.0,False,0.2888888888888889,0.3718576208898294,0.3618640575126309,,,
111/10/20,36031459.0,4489868143.0,121.0,128.0,121.0,127.0,+2.00,19225.0,False,0.3863636363636364,0.3766929593810984,0.36680702480212,,,
111/10/21,24343856.0,3029681890.0,126.0,127.0,122.0,122.5,-4.50,13436.0,False,0.2352941176470588,0.3295600121364185,0.3543913539135528,,,
111/10/24,32183248.0,4302491107.0,129.0,134.5,129.0,134.5,+12.00,13080.0,False,0.9411764705882352,0.5334321649536907,0.4140716242602655,,,
111/10/25,59676702.0,8015225831.0,133.5,139.5,130.0,139.5,+5.00,32002.0,False,1.0,0.6889547766357937,0.5056993417187748,,,
111/10/26,50032227.0,6774648271.0,136.5,137.5,132.5,133.5,-6.00,28893.0,False,0.6756756756756757,0.6845284096490877,0.5653090310288791,,,
111/10/27,31997040.0,4371936585.0,135.5,138.5,135.0,138.0,+4.50,18275.0,False,0.9189189189189192,0.762658579405698,0.6310922138211521,,,
111/10/28,52445078.0,7447392488.0,137.5,148.5,136.5,139.5,+1.50,33197.0,False,0.6727272727272727,0.7326814771795562,0.6649553016072868,,,
111/10/31,23463909.0,3352590559.0,143.0,145.0,141.0,142.0,+2.50,15028.0,False,0.7636363636363637,0.7429997726651587,0.6909701252932441,,,
111/11/01,24580239.0,3566923873.0,141.0,147.0,140.5,146.5,+4.50,15026.0,False,0.9272727272727272,0.8044240908676815,0.7287881138180565,,,
111/11/02,19101226.0,2789121879.0,146.5,147.5,144.0,145.5,-1.00,12150.0,False,0.8867924528301887,0.8318802115218504,0.7631521463859878,,,
111/11/03,15258272.0,2204338592.0,143.0,146.5,142.5,144.0,-1.50,9324.0,False,0.7692307692307693,0.8109970640914901,0.7791004522878219,,,
111/11/04,15866464.0,2266467126.0,143.0,145.5,141.0,142.5,-1.50,9997.0,False,0.6756756756756757,0.7658899346195518,0.7746969463983985,,,
111/11/07,33537492.0,4988421153.0,142.5,153.5,142.5,149.0,+6.50,20696.0,False,0.7857142857142857,0.7724980516511297,0.7739639814826421,,,
111/11/08,27640870.0,4160353506.0,151.5,154.0,146.5,147.0,-2.00,16772.0,False,0.631578947368421,0.7255250168902267,0.7578176599518369,,,
111/11/09,28776519.0,4352808093.0,150.0,154.5,148.0,150.5,+3.50,17154.0,False,0.7777777777777778,0.7429426038527438,0.7528593079188058,,,
111/11/10,13876180.0,2085960101.0,149.5,152.0,148.5,150.5, 0.00,9146.0,False,0.7142857142857143,0.7333903073304007,0.746369641056004,,,
111/11/11,32906302.0,5253356145.0,161.0,164.0,156.0,156.5,+6.00,20010.0,False,0.6808510638297872,0.7158772261635296,0.7362055027585125,,,
111/11/14,32420551.0,5235970476.0,159.0,165.0,157.0,163.5,+7.00,20699.0,False,0.9375,0.7897514841090196,0.7540541632086815,,,
111/11/15,28024768.0,4643832002.0,164.5,168.0,162.5,167.0,+3.50,18144.0,False,0.9629629629629628,0.8474886437270007,0.7851989900481211,,,
111/11/16,18878706.0,3136999223.0,167.0,168.5,163.5,167.0, 0.00,11443.0,False,0.9454545454545454,0.8801439443028489,0.8168473081330303,,,
111/11/17,20989296.0,3525135325.0,166.0,171.5,164.5,170.5,+3.50,13830.0,False,0.9655172413793104,0.9086017099950028,0.8474321087536878,,,
111/11/18,24628268.0,4176225608.0,171.0,174.5,165.0,166.0,-4.50,17357.0,False,0.6964285714285714,0.837877330472859,0.8442471826600781,,,
111/11/21,10597402.0,1762588914.0,166.0,169.0,163.5,164.0,-2.00,6645.0,False,0.6037735849056604,0.7598427486171261,0.8161123713124274,,,
111/11/22,12738343.0,2078602834.0,163.5,166.5,160.0,166.5,+2.50,8688.0,False,0.6923076923076923,0.7373310631806479,0.7898519352685011,,,
111/11/23,11051870.0,1842220198.0,169.0,169.5,163.5,163.5,-3.00,7182.0,False,0.40540540540540543,0.6266891772555672,0.7354643492641897,,,
111/11/24,26762408.0,4577469755.0,165.5,174.0,165.0,172.0,+8.50,18373.0,False,0.8571428571428571,0.7035070705513304,0.7248119230265699,,,
111/11/25,17735411.0,3015343772.0,172.0,173.5,167.5,167.5,-4.50,11787.0,False,0.5172413793103449,0.6414185068043352,0.6970141176191583,,,
111/11/28,8974365.0,1503557196.0,165.0,169.5,164.5,168.5,+1.00,5797.0,False,0.5862068965517241,0.6230146367201315,0.6723476239861493,,,
111/11/29,7203389.0,1196932189.0,168.0,168.5,164.5,165.5,-3.00,5057.0,False,0.3793103448275862,0.5417798727559496,0.6288250402427494,,,
111/11/30,7819829.0,1316955697.0,164.0,170.0,164.0,168.5,+3.00,5699.0,False,0.5862068965517241,0.5565888806878745,0.6047463203911244,,,
111/12/01,28972459.0,5141082640.0,173.0,182.0,172.5,175.5,+7.00,19643.0,False,0.7045454545454546,0.6059077386404012,0.6051334598075501,,,
111/12/02,11607491.0,2055272049.0,176.0,179.0,175.5,176.5,+1.00,13539.0,False,0.75,0.6539384924269339,0.6214018040140112,,,
111/12/05,13350484.0,2394940322.0,178.5,182.5,177.0,178.0,+1.50,8968.0,False,0.7631578947368421,0.6903449598635699,0.6443828559638641,,,
111/12/06,10273706.0,1811418892.0,177.0,179.5,173.0,175.5,-2.5,11392.0,False,0.6216216216216216,0.6674371804495872,0.6520676307924385,,,
111/12/07,14052269.0,2415248520.0,175.5,176.5,167.0,170.0,-5.5,10301.0,False,0.32432432432432434,0.5530662284078329,0.6190671633309033,,,
111/12/08,8189000.0,1384217000.0,168.5,171.5,166.5,167.0,-3.0,5284.0,False,0.16216216216216214,0.4227648729926093,0.5536330665514719,,,
111/12/09,14818684.0,2520148410.0,170.0,173.5,167.0,168.5,1.5,10252.0,False,0.2432432432432433,0.36292432974282063,0.4900634876152548,,,
111/12/12,10851398.0,1777992485.0,167.0,167.5,161.5,164.0,-4.5,8513.0,False,0.11904761904761905,0.2816320928444201,0.42058635602497657,,,
111/12/13,7918757.0,1309996567.0,166.0,168.0,163.0,164.0,0.0,5309.0,False,0.11904761904761905,0.2274372682454864,0.3562033267651465,,,
111/12/14,18737365.0,3181756874.0,166.5,175.5,164.0,173.0,9.0,12864.0,False,0.5476190476190477,0.3341645280366735,0.3488570605223221,,,
111/12/15,10901000.0,1870732000.0,171.0,174.0,169.5,171.5,-1.5,7017.0,False,0.4761904761904762,0.3815065107546077,0.35974021059975064,,,
111/12/16,9797000.0,1623152500.0,166.0,168.0,164.0,165.0,-6.5,6489.0,False,0.19444444444444445,0.31915248865122,0.3462109699502404,,,
111/12/19,6672458.0,1092015359.0,164.0,166.0,160.5,165.0,0.0,4971.0,False,0.28125,0.30651832576747995,0.3329800885559869,,,
111/12/20,15016932.0,2425475907.0,163.5,168.0,155.0,156.0,-9.0,10949.0,False,0.04878048780487805,0.2206057131132793,0.2955219634084177,,,
111/12/21,9081000.0,1442592500.0,160.5,161.5,156.5,157.5,1.5,5742.0,False,0.12195121951219512,0.18772088191291791,0.25958826957658443,,,
111/12/22,7084912.0,1130252780.0,161.0,162.0,157.0,158.0,0.5,5385.0,False,0.14634146341463414,0.17392774241348996,0.2310347605222196,,,
111/12/25,7973492.0,1255641533.0,155.0,160.0,154.0,159.0,1.0,5169.0,False,0.2325581395348837,0.1934712081206212,0.21851357638835345,,,
111/12/26,9352675.0,1443359181.0,159.0,159.5,151.5,152.0,-7.0,7764.0,False,0.02083333333333333,0.1359252498581919,0.19098413421163293,,,
111/12/27,8155868.0,1257341445.0,152.5,156.5,151.0,156.5,4.5,5395.0,False,0.2391304347826087,0.17032697816633086,0.1840984155298656,,,
111/12/28,20641000.0,3040414000.0,153.5,153.5,142.5,145.0,-11.5,13349.0,False,0.09803921568627452,0.14623105733964534,0.17147596279979216,,,
111/12/29,11884237.0,1719662957.0,144.0,146.5,143.0,145.5,0.5,7629.0,False,0.1176470588235294,0.1367030578342734,0.15988499447795254,,,
111/12/30,11989520.0,1737586150.0,147.5,150.0,142.5,142.5,-3.0,8226.0,False,0.0,0.0911353718895156,0.13696845361514026,,,
112/01/03,12209658.0,1766413234.0,142.0,147.5,141.5,147.0,+4.50,7777.0,,0.2682926829268293,0.1501878089019535,0.14137490537741132,,,
112/01/04,9693638.0,1431622039.0,145.5,150.0,145.0,149.0,+2.00,5883.0,,0.36585365853658536,0.2220764254468308,0.1682754120672178,,,
112/01/05,9515986.0,1417178654.0,151.0,152.0,146.0,147.0,-2.00,6449.0,,0.2972972972972973,0.24715004939698626,0.1945669578438073,,,
112/01/06,8948819.0,1340421508.0,147.0,152.0,146.5,151.0,+4.00,5720.0,,0.5277777777777778,0.3406926255239168,0.2432755137371771,,,
112/01/09,15671936.0,2469633370.0,155.5,161.0,154.0,158.5,+7.50,11273.0,,0.8717948717948718,0.5177267076142351,0.3347592450295297,,,
112/01/10,11603337.0,1846021331.0,158.5,161.0,157.0,160.0,+1.50,8894.0,,0.9487179487179488,0.6613904546488063,0.4436363149026219,,,
112/01/11,9395312.0,1493958218.0,161.0,161.5,156.0,161.0,+1.00,6756.0,,0.975,0.7659269697658708,0.5510665331903715,,,
112/01/12,6986931.0,1119150069.0,160.5,161.5,159.0,160.0,-1.00,4914.0,,0.925,0.8189513131772472,0.6403614598526634,,,
112/01/13,9460141.0,1506466430.0,162.5,163.5,156.5,157.5,-2.50,7005.0,,0.7272727272727273,0.7883917845424072,0.6897049014159113,,,
112/01/16,5603869.0,893621920.0,158.5,161.0,157.5,159.5,+2.00,4276.0,,0.7837837837837838,0.7868557842895327,0.7220885290404517,,,
112/01/17,4108390.0,654917556.0,159.5,160.5,158.0,160.0,+0.50,5232.0,,0.8,0.791237189526355,0.7451380825357528,,,
112/01/30,13515385.0,2265648868.0,166.0,170.5,164.0,168.5,+8.50,11919.0,,0.9166666666666666,0.8330470152397922,0.7744410601037659,,,
112/01/31,7807515.0,1317311501.0,167.0,171.0,166.0,169.5,+1.00,7314.0,,0.9117647058823528,0.8592862454539791,0.8027227885538369,,,
112/02/01,18171072.0,3166863693.0,171.5,178.5,169.5,175.5,6.0,15460.0,False,0.8666666666666667,0.8617463858582083,0.8223973209886273,,,
112/02/02,23113302.0,4182982595.0,177.5,184.0,177.0,184.0,8.5,17630.0,,1.0,0.907830923905472,0.8771078985406294,,,
112/02/03,51355419.0,9882907129.0,184.0,201.0,183.0,194.5,10.5,42502.0,,0.8539325842696629,0.8898648106935356,0.9018422195014932,,,
112/02/06,21869183.0,4194791012.0,194.5,196.0,188.0,190.0,-4.5,26815.0,,0.7471264367816092,0.8343004135175883,0.8633584057629147,,,
112/02/07,12997415.0,2465630927.0,189.0,192.0,186.5,191.5,1.5,9368.0,,0.7816091954022989,0.8167366741458251,0.8284458337270004,,,
112/02/08,36484178.0,7287880147.0,198.0,203.0,196.0,199.0,7.5,33711.0,,0.9111111111111112,0.8481948198009204,0.8272227226975235,,,
112/02/09,20732321.0,4153916875.0,198.0,204.5,196.0,198.5,-0.5,15902.0,,0.8518518518518519,0.8494138304845642,0.8486011566954683,,,
112/02/11,16550307.0,3223882481.0,199.0,200.0,192.0,193.5,-5.0,41860.0,,0.7142857142857143,0.8043711250849475,0.8343995953513585,,,
112/02/13,9912921.0,1914749948.0,190.0,196.0,190.0,193.5,0.0,15459.0,,0.6857142857142857,0.7648188452947268,0.7911870318215405,,,
112/02/14,9233200.0,1796339379.0,196.0,197.5,192.0,192.0,-1.5,7719.0,,0.5454545454545454,0.6916974120146663,0.7404450342013733,,,
112/02/15,11193566.0,2147878883.0,192.0,194.0,189.0,193.0,1.0,8531.0,,0.4651162790697674,0.6161703676996999,0.6665217305763441,,,
112/02/17,9748338.0,1919349905.0,197.0,198.5,195.5,196.5,-4.0,11183.0,,0.5555555555555556,0.5959654303183184,0.6094353885725727,,,
112/02/20,13838846.0,2738178237.0,197.0,202.0,194.5,195.0,-1.5,10052.0,,0.4722222222222222,0.5547176942862864,0.5822161849743077,,,
112/02/21,13931840.0,2750622942.0,194.5,200.5,193.5,200.5,5.5,9958.0,,0.7419354838709677,0.6171236241478468,0.5755196709068064,,,
112/02/22,36836598.0,6853884154.0,194.0,195.0,181.0,181.0,-19.5,31491.0,,0.0,0.41141574943189785,0.5485543325758637,,,
112/02/24,20532466.0,3877936958.0,189.0,193.0,185.0,185.5,-3.0,14491.0,,0.21428571428571427,0.3457057377165033,0.3895124121934329,,,
112/03/01,9594019.0,1778832043.0,185.5,187.0,183.5,186.0,0.5,14912.0,,0.2380952380952381,0.3098355711760816,0.3337490155363627,,,
112/03/02,8317055.0,1550848821.0,185.5,188.5,185.0,186.0,0.0,6045.0,,0.2380952380952381,0.2859221268158004,0.3018644230559879,,,
112/03/04,20430662.0,3904579956.0,188.5,194.0,188.0,188.5,2.5,14304.0,,0.35714285714285715,0.3096623702581527,0.2938355412965845,185.4,190.4,189.675
112/03/06,10743770.0,2051027533.0,191.5,193.5,189.5,189.5,1.0,11486.0,,0.4047619047619048,0.3413622150927367,0.32022898520301396,187.1,190.15,190.675
112/03/07,7110353.0,1337853785.0,190.5,191.0,186.5,187.5,-2.0,6675.0,,0.30952380952380953,0.3307494132364276,0.3378246144739669,187.5,189.6,191.275
112/03/08,8177536.0,1535996269.0,186.0,191.0,184.0,191.0,3.5,6494.0,,0.5128205128205128,0.391439779764456,0.35097953541243704,188.5,189.05,191.625
112/03/09,33232335.0,6570517645.0,196.0,201.5,194.0,194.0,3.0,24679.0,,0.6341463414634146,0.4723419669974422,0.4184071755087847,190.1,188.95,191.6
112/03/10,15241741.0,2874523962.0,191.0,193.5,183.5,187.0,-7.0,19925.0,,0.19444444444444445,0.37970945947977625,0.4414644644915535,189.8,187.6,191.45
112/03/13,11488973.0,2127522937.0,186.5,188.5,181.5,186.5,-0.5,8933.0,,0.25,0.33647297298651746,0.3652972973153567,189.2,188.15,191.2
112/03/14,8498670.0,1583248272.0,184.0,188.0,183.5,187.5,1.0,6038.0,,0.3,0.3243153153243449,0.3324204204324599,189.2,188.35,190.625
112/03/15,15254341.0,2932822104.0,192.0,194.5,190.0,190.5,3.0,11530.0,,0.45,0.3662102102162299,0.3382802802883065,189.1,188.8,190.225
112/03/16,14692263.0,2765244942.0,190.0,192.5,184.5,188.0,-2.5,15332.0,,0.325,0.3524734734774866,0.3616312979699821,187.9,189.0,189.95
112/03/17,21761412.0,4211570802.0,193.0,195.5,190.5,194.5,6.5,14991.0,,0.65,0.4516489823183244,0.3855319764244325,189.4,189.6,190.0
112/03/20,13269223.0,2589193888.0,198.0,199.0,191.0,191.0,-3.5,15721.0,,0.475,0.4594326548788829,0.4542435398385105,190.3,189.75,189.95
112/03/21,6717009.0,1299677433.0,194.5,196.0,191.5,192.0,1.0,9092.0,,0.525,0.4812884365859219,0.4667179154478959,191.2,190.2,189.9
112/03/22,21115665.0,4202620539.0,196.0,203.0,194.5,200.5,8.5,16237.0,,0.8837209302325582,0.6154326011348006,0.5260031581022148,193.2,191.15,190.1
112/03/23,16696257.0,3348945338.0,200.5,204.0,197.5,198.5,-2.0,21390.0,,0.7555555555555555,0.6621402526083855,0.6310018182926622,195.3,191.6,190.275
112/03/24,44718478.0,9561713255.0,202.5,218.0,202.0,215.5,17.0,29961.0,,0.927536231884058,0.7506055790336097,0.6916286947501269,199.5,194.45,191.025
112/03/27,24326665.0,5187192574.0,217.0,217.5,208.5,209.0,-6.5,23064.0,,0.7313432835820896,0.744184813883103,0.7484653239834408,203.1,196.7,192.425
112/03/28,33230524.0,6620708649.0,209.0,209.5,194.0,195.5,-13.5,26092.0,,0.3283582089552239,0.6055759455738099,0.6979818577800052,203.8,197.5,192.925
112/03/29,24833840.0,4767686339.0,196.0,197.5,188.0,189.0,-6.5,18884.0,,0.03333333333333333,0.4148284081603177,0.5419934331026458,201.5,197.35,193.075
112/03/30,16153871.0,3091403426.0,192.0,193.0,189.0,193.0,4.0,11532.0,,0.16666666666666666,0.332107827662434,0.38725488132768976,200.4,197.85,193.425
112/03/31,13794976.0,2676799272.0,193.5,196.5,191.0,196.5,3.5,10012.0,,0.2833333333333333,0.3158496628860671,0.326688439403645,196.6,198.05,193.825
112/04/06,15756305.0,3107316463.0,197.0,201.0,193.5,201.0,4.5,10881.0,,0.43333333333333335,0.35501088636848915,0.3289034040468745,195.0,199.05,194.4
112/04/07,15729694.0,3172341683.0,204.0,204.0,200.0,200.0,-1.0,12160.0,,0.4,0.3700072575789928,0.3600096767719904,195.9,199.85,195.025
112/04/10,9653083.0,1936734804.0,200.5,203.5,199.0,199.5,-0.5,10630.0,,0.38333333333333336,0.3744492828304396,0.3714879326628083,198.0,199.75,195.45
112/04/11,9486966.0,1875662405.0,201.0,201.5,196.0,197.5,-2.0,8067.0,,0.3220338983050847,0.3569774879886546,0.3686253512165112,198.9,199.65,195.625
112/04/12,10389123.0,2036840108.0,197.5,198.5,193.5,196.5,-1.0,8176.0,,0.3953488372093023,0.3697679377288705,0.3612409712353932,198.9,197.75,196.1
112/04/13,10290087.0,1982955136.0,195.0,195.0,191.0,192.0,-4.5,8606.0,,0.25,0.329845291819247,0.3564603890923293,197.1,196.05,196.375
112/04/14,7083873.0,1372793021.0,194.5,195.0,192.5,194.5,2.5,5552.0,,0.3666666666666665,0.3421190834350535,0.3339365556911825,196.0,195.95,196.725
112/04/17,4288487.0,829922401.0,193.0,195.0,192.0,194.5,0.0,3590.0,,0.2692307692307692,0.3178229787002921,0.3340203818567997,195.0,196.5,196.925
112/04/18,6224190.0,1207135246.0,196.0,197.0,191.0,191.5,-3.0,4919.0,,0.038461538461538464,0.22470249862070754,0.2867828186737639,193.8,196.35,197.1
112/04/19,7317662.0,1389043309.0,192.0,193.0,188.0,188.5,-3.0,6821.0,,0.03125,0.160218332413805,0.20320777655174,192.2,195.55,196.8
112/04/20,8865866.0,1672119864.0,188.5,191.0,185.0,191.0,2.5,6806.0,,0.32432432432432434,0.21492032971731145,0.1784523315149738,192.0,194.55,196.8
112/04/21,10645690.0,1988893657.0,190.5,192.0,181.5,184.5,-6.5,9410.0,,0.15,0.19328021981154087,0.20770695974872128,190.0,193.0,196.425
112/04/24,14069315.0,2515713836.0,183.0,184.0,176.0,177.0,-7.5,11672.0,,0.04444444444444445,0.1436682946891754,0.17674291143741908,186.5,190.75,195.25
112/04/25,17254123.0,2958620128.0,177.5,178.0,167.0,171.0,-6.0,13479.0,,0.13333333333333333,0.1402233075705614,0.1425199656496374,182.4,188.1,193.875
112/04/27,15293174.0,2458095084.0,158.5,163.5,157.5,160.0,1.5,11276.0,,0.06329113924050632,0.11457925146054306,0.13167528886722193,176.7,184.45,191.1
112/04/29,13124701.0,2156235248.0,164.0,166.5,162.0,164.0,4.0,9816.0,,0.16455696202531644,0.13123848831546753,0.12013233041218455,171.3,181.65,188.85
112/05/02,11492909.0,1926435659.0,164.0,170.5,162.5,170.0,6.0,8819.0,,0.3164556962025317,0.1929775576111556,0.15181817808069684,168.4,179.2,187.575
112/05/03,9604032.0,1599880380.0,168.5,169.0,165.0,166.0,-4.0,7022.0,,0.23943661971830985,0.20846391164687367,0.1981396756230616,166.2,176.35,186.425
112/05/04,7529174.0,1260594330.0,166.5,169.0,165.0,169.0,3.0,5300.0,,0.3333333333333333,0.2500870522090269,0.22233829183425807,165.8,174.1,185.225
112/05/05,7385661.0,1250953709.0,168.5,171.0,167.0,170.0,1.0,5382.0,,0.3623188405797101,0.28749764833258795,0.2625572509168805,167.8,172.25,183.9
112/05/08,8019834.0,1370282005.0,172.0,174.0,168.5,168.5,-1.5,6057.0,,0.4150943396226415,0.3300298787626058,0.30167505847592724,168.7,170.0,182.275
112/05/09,7730364.0,1295626955.0,169.0,171.0,165.0,168.0,-0.5,5775.0,,0.5121951219512195,0.3907516264921437,0.35027046133911843,168.3,168.35,180.675
112/05/10,4754243.0,804270982.0,168.5,170.5,167.0,169.5,1.5,3468.0,,0.7272727272727273,0.5029253267523381,0.4281428599122085,169.0,167.6,179.175
112/05/11,6317792.0,1056711738.0,170.0,171.0,164.5,164.5,-5.0,4959.0,,0.2083333333333333,0.4047279956126698,0.4701928830391153,168.1,166.95,177.525
112/05/12,5446458.0,904513851.0,164.0,168.0,164.0,167.0,2.5,3644.0,,0.39130434782608703,0.4002534463504756,0.4032364791919384,167.5,167.65,176.05
112/05/15,6346511.0,1039057921.0,165.5,166.5,161.5,164.5,-2.5,4607.0,,0.24,0.346835630900317,0.38244750786708936,166.7,167.7,174.675
112/05/16,8237691.0,1353856813.0,166.5,168.0,162.0,162.0,-2.5,5815.0,,0.04,0.24455708726687805,0.31274278302250397,165.5,166.9,173.05
112/05/17,5573088.0,920406904.0,162.5,166.5,162.5,166.5,4.5,4293.0,,0.4,0.296371391511252,0.2618285220150027,164.9,166.95,171.65
112/05/18,5570350.0,934975827.0,169.0,169.5,166.5,167.5,1.0,4139.0,,0.48,0.357580927674168,0.316774570232224,165.5,166.8,170.45
112/05/20,10379272.0,1776181366.0,169.5,173.0,168.5,172.0,4.5,8342.0,,0.9130434782608696,0.5427351112030685,0.4192989888504681,166.5,167.0,169.625
112/05/22,7925422.0,1344028446.0,173.0,173.5,168.0,168.5,-3.5,6038.0,,0.5833333333333334,0.5562678519131568,0.5472460247730979,167.3,167.0,168.5
112/05/23,6711388.0,1150080955.0,169.0,173.0,168.5,171.0,2.5,5227.0,,0.7916666666666666,0.63473412349766,0.5824232757746578,169.1,167.3,167.825
112/05/24,7238176.0,1211789600.0,169.5,170.0,166.0,167.0,-4.0,6386.0,,0.4583333333333333,0.575933860109551,0.6151340357016237,169.2,167.05,167.325
112/05/25,17392457.0,3006348121.0,171.0,176.5,170.5,170.5,3.5,13273.0,,0.6,0.5839559067397007,0.5786078756529343,169.8,167.65,167.3
112/05/26,10854828.0,1854198680.0,173.0,175.0,168.5,168.5,-2.0,8473.0,,0.4482758620689655,0.5387292251827889,0.5688803462207299,169.1,167.8,167.725
112/05/29,15356028.0,2677014633.0,171.5,176.0,171.5,173.5,5.0,10930.0,,0.7857142857142857,0.6210575786932877,0.5661720096862884,170.1,168.7,168.2
112/05/30,8536716.0,1465552071.0,175.0,175.0,169.5,172.5,-1.0,8662.0,,0.6190476190476191,0.6203875921447315,0.6208342498437689,170.4,169.75,168.325
112/05/31,5205539.0,895179428.0,172.5,173.5,171.0,171.5,-1.0,3952.0,,0.5238095238095238,0.5881949026996622,0.6096566956630417,171.3,170.25,168.6
112/06/01,3950427.0,677589840.0,171.0,173.0,170.0,173.0,1.5,3100.0,,0.6666666666666666,0.6143521573553303,0.5969139875848849,171.8,170.8,168.8
112/06/02,7139246.0,1239221746.0,174.5,176.0,172.0,172.0,-1.0,5022.0,,0.5714285714285714,0.600044295379744,0.6095828700301349,172.5,170.8,168.9
112/06/06,3838495.0,656124841.0,173.0,173.5,170.0,170.5,-2.5,3244.0,,0.42857142857142855,0.5428866731103055,0.5809917546232645,171.9,171.0,169.0
112/06/09,6292984.0,1085221651.0,169.5,174.0,169.5,173.5,5.0,4935.0,,0.625,0.570257782073537,0.5520103760980493,172.1,171.25,169.275
